TransactionID,SaleDate,CustomerID,ProductID,StoreID,CampaignID,SaleAmount,PaymentType,DiscountPercent
1,2025-05-04,1034,2059,402,0.0,2048.2,Cash,1%
2,2025-05-04,1066,2048,403,1.0,321.87,Debit,19%
3,2025-05-04,1116,2041,403,3.0,3216.84,Credit,1%
4,2025-05-04,1071,2096,404,2.0,1613.23,Debit,15%
5,2025-05-04,1020,2060,401,0.0,408.38,Debit,14%
6,2025-05-04,1089,2028,401,0.0,1275.88,Credit,14%
7,2025-05-04,1193,2003,402,1.0,346.66,Credit,13%
8,2025-05-04,1005,2079,402,1.0,855.49,Cash,20%
9,2025-05-04,1032,2060,401,1.0,735.08,Debit,19%
10,2025-05-04,1119,2089,403,2.0,661.63,Credit,20%
11,2025-05-04,1042,2077,401,1.5042521260630315,505.65,Credit,7%
12,2025-05-04,1079,2013,401,2.0,0,Credit,0%
13,2025-05-04,1147,2086,404,3.0,4470.5,Cash,20%
14,2025-05-04,1183,2025,401,1.0,503.32,Cash,17%
15,2025-05-04,1026,2089,403,0.0,413.52,Credit,12%
16,2025-05-04,1144,2005,403,3.0,1715.12,Credit,2%
17,2025-05-04,1169,2047,401,2.0,535.97,Cash,3%
18,2025-05-04,1003,2053,404,0.0,3660.9,Cash,16%
19,2025-05-04,1110,2046,404,1.0,30.09,Debit,1%
20,2025-05-04,1111,2022,403,3.0,671.18,Cash,5%
21,2025-05-04,1119,2055,403,2.0,?,Cash,0%
22,2025-05-04,1062,2011,403,3.0,1229.22,Cash,10%
23,2025-05-04,1062,2096,404,3.0,672.18,Cash,11%
24,2025-05-04,1086,2003,404,2.0,924.43,Credit,10%
25,2025-05-04,1046,2062,402,2.0,1981.95,Credit,16%
26,2025-05-04,1066,2043,403,2.0,698.76,Debit,20%
27,2025-05-04,1142,2001,402,0.0,1237.05,Debit,12%
28,2025-05-04,1061,2092,404,3.0,482.21,Cash,10%
29,2025-05-04,1142,2097,402,3.0,4210.5,Credit,2%
30,2025-05-04,1165,2091,404,3.0,4528.95,Cash,10%
31,,1004,2011,403,1.0,737.53,Debit,6%
32,2025-05-04,1103,2088,402,2.0,0,Debit,0%
33,2025-05-04,1169,2074,403,3.0,0,Cash,0%
34,2025-05-04,1141,2067,403,3.0,872.85,Cash,5%
35,2025-05-04,1190,2070,403,2.0,54.69,Credit,11%
36,2025-05-04,1179,2058,403,2.0,1066.8,Credit,5%
37,2025-05-04,1064,2029,401,1.0,12.16,Debit,7%
38,2025-05-04,1080,2015,402,1.0,3037.36,Cash,11%
39,2025-05-04,1055,2094,404,2.0,1578.72,Debit,5%
40,2025-05-04,1185,2075,403,0.0,0,Cash,0%
41,2025-05-04,9999,2037,402,2.0,288.11,Cash,19%
42,2025-05-04,1045,2038,401,1.0,1667.72,Cash,19%
43,2025-05-04,1070,2005,401,2.0,686.05,Cash,17%
44,2025-05-04,1178,2016,404,0.0,0,Debit,0%
45,2025-05-04,1003,2073,403,3.0,1498.29,Credit,3%
46,2025-05-04,1122,2056,403,1.0,944.5,Credit,10%
47,2025-05-04,1013,2032,404,0.0,2836.8,Cash,3%
48,2025-05-04,1016,2051,404,0.0,117.32,Cash,18%
49,2025-05-04,1147,2080,401,1.0,0,Cash,0%
50,2025-05-04,1038,2072,403,0.0,840.6,Debit,8%
51,2025-05-04,1063,2015,404,1.0,1214.95,Cash,19%
52,2025-05-04,1198,2066,404,3.0,516.06,Credit,3%
53,2025-05-04,1113,2038,404,2.0,2223.62,Credit,2%
54,2025-05-04,1145,2079,401,0.0,1901.08,Debit,17%
55,2025-05-04,1195,2026,402,2.0,507.74,Cash,14%
56,2025-05-04,1169,2010,402,1.0,140.11,Cash,11%
57,2025-05-04,1044,2070,401,1.0,0,Credit,0%
58,2025-05-04,1000,2052,404,3.0,2193.78,Credit,4%
59,2025-05-04,1074,2004,402,2.0,741.8,Credit,3%
60,2025-05-04,1180,2036,404,0.0,217.98,Debit,18%
61,2025-05-04,1175,2029,403,1.0,36.48,Credit,2%
62,2025-05-04,1108,2014,402,1.0,221.67,Debit,6%
63,2025-05-04,1068,2018,401,0.0,2169.04,Cash,12%
64,2025-05-04,1042,2039,403,3.0,2929.32,Cash,18%
65,2025-05-04,1031,2059,403,3.0,0,Cash,0%
66,2025-05-04,1069,2064,404,3.0,1470.2,Cash,9%
67,2025-05-04,1020,2076,401,3.0,4836.42,Cash,7%
68,2025-05-04,1188,2041,403,0.0,1608.42,Cash,18%
69,2025-05-04,1023,2029,401,2.0,0,Credit,0%
70,2025-05-04,1147,2005,402,3.0,0,Debit,0%
71,2025-05-04,1132,2083,404,2.0,614.53,Cash,19%
72,2025-05-04,1046,2074,404,3.0,659.5,Cash,20%
73,2025-05-04,1023,2060,403,3.0,1225.14,Cash,6%
74,2025-05-04,1085,2041,401,1.0,1447.58,Credit,3%
75,2025-05-04,1084,2052,404,2.0,2925.04,Credit,19%
76,2025-05-04,1169,2051,401,3.0,117.32,Cash,19%
77,2025-05-04,1022,2040,403,2.0,55.26,Credit,7%
78,2025-05-04,1029,2098,404,0.0,3631.44,Debit,6%
79,2025-05-04,1168,2069,404,3.0,232.39,Debit,12%
80,2025-05-04,1013,2024,403,3.0,372.81,Cash,14%
81,2025-05-04,1160,2056,401,1.0,472.25,Cash,17%
82,2025-05-04,1068,2070,402,2.0,109.38,Credit,17%
83,2025-05-04,1112,2089,404,0.0,2067.6,Credit,13%
84,2025-05-04,1007,2080,402,1.0,1498.07,Debit,14%
85,2025-05-04,1079,2070,401,3.0,34.18,Credit,5%
86,2025-05-04,1023,2028,401,3.0,2551.76,Cash,7%
87,2025-05-04,1030,2082,402,3.0,799.8,Cash,5%
88,2025-05-04,1183,2037,403,3.0,2160.84,Debit,7%
89,2025-05-04,1123,2060,402,3.0,2450.28,Cash,5%
90,2025-05-04,1141,2018,404,1.0,2440.17,Credit,19%
91,2025-05-04,1153,2065,402,0.0,470.34,Debit,13%
92,2025-05-04,1070,2098,404,2.0,0,Debit,0%
93,2025-05-04,1129,2034,401,2.0,108.94,Debit,19%
94,2025-05-04,1185,2038,404,1.0,1667.72,Cash,9%
95,2025-05-04,1114,2068,404,2.0,656.19,Credit,18%
96,2025-05-04,1085,2070,404,3.0,0,Cash,0%
97,2025-05-04,1082,2024,402,3.0,372.81,Debit,12%
98,2025-05-04,1059,2099,404,0.0,1292.64,Debit,15%
99,2025-05-04,1081,2095,404,3.0,490.79,Cash,12%
100,2025-05-04,1098,2084,402,3.0,0,Credit,0%
101,2025-05-04,1009,2016,403,0.0,969.06,Debit,4%
102,2025-05-04,1112,2012,404,0.0,1869.57,Cash,9%
103,2025-05-04,1184,2018,404,1.0,488.03,Credit,17%
104,2025-05-04,1019,2060,403,2.0,0,Debit,0%
105,2025-05-04,1159,2088,404,0.0,0,Credit,0%
106,2025-05-04,1084,2086,404,2.0,2861.12,Cash,13%
107,2025-05-04,1160,2091,404,0.0,905.79,Credit,12%
108,2025-05-04,1158,2008,402,2.0,159.82,Cash,1%
109,2025-05-04,1058,2095,401,3.0,2453.95,Cash,1%
110,2025-05-04,1025,2097,401,3.0,842.1,Debit,4%
111,2025-05-04,1042,2088,403,0.0,709.35,Cash,5%
112,2025-05-04,1011,2041,401,2.0,0,Debit,0%
113,2025-05-04,1091,2047,404,1.0,0,Credit,0%
114,2025-05-04,1062,2067,404,1.0,0,Cash,0%
115,2025-05-04,1043,2022,401,3.0,2684.72,Credit,13%
116,2025-05-04,1158,2087,402,3.0,477.96,Credit,11%
117,2025-05-04,1149,2018,402,3.0,1626.78,Credit,9%
118,2025-05-04,1163,2032,404,2.0,756.48,Credit,11%
119,2025-05-04,1170,2001,404,2.0,659.76,Credit,19%
120,2025-05-04,1173,2069,402,0.0,464.78,Cash,16%
121,2025-05-04,1113,2044,403,3.0,0,Debit,0%
122,2025-05-04,1176,2032,404,2.0,756.48,Cash,4%
123,2025-05-04,1050,2049,404,0.0,2819.52,Cash,2%
124,2025-05-04,1060,2048,403,2.0,1144.42,Credit,14%
125,2025-05-04,1179,2037,401,3.0,1440.56,Credit,1%
126,2025-05-04,1070,2001,401,3.0,0,Cash,0%
127,2025-05-04,1073,2099,402,2.0,0,Credit,0%
128,2025-05-04,1056,2081,402,2.0,0,Debit,0%
129,2025-05-04,1173,2096,402,0.0,672.18,Cash,7%
130,2025-05-04,1160,2082,401,2.0,426.56,Debit,14%
131,2025-05-04,1112,2004,403,1.0,1669.05,Credit,4%
132,2025-05-04,1023,2037,403,3.0,2160.84,Debit,1%
133,2025-05-04,1044,2025,402,2.0,223.7,Credit,19%
134,2025-05-04,1135,2064,403,1.0,793.91,Debit,2%
135,2025-05-04,1065,2061,403,2.0,639.74,Cash,5%
136,2025-05-04,1029,2059,401,1.0,921.69,Debit,8%
137,2025-05-04,1193,2028,404,2.0,1531.06,Credit,5%
138,2025-05-04,1023,2050,401,2.0,298.85,Cash,2%
139,2025-05-04,1137,2015,404,2.0,539.98,Debit,8%
140,2025-05-04,1172,2095,403,3.0,2453.95,Debit,10%
141,2025-05-04,1163,2047,401,1.0,301.48,Credit,14%
142,2025-05-04,1120,2003,403,1.0,1039.99,Debit,11%
143,2025-05-04,1165,2008,404,2.0,53.27,Credit,20%
144,2025-05-04,1166,2052,401,1.0,658.13,Credit,4%
145,2025-05-04,1011,2004,403,3.0,3709,Debit,8%
146,2025-05-04,1029,2012,402,1.0,0,Credit,0%
147,2025-05-04,1099,2058,403,3.0,666.75,Credit,1%
148,2025-05-04,1150,2095,402,3.0,490.79,Credit,8%
149,2025-05-04,1167,2012,404,3.0,0,Debit,0%
150,2025-05-04,1071,2004,403,1.0,834.52,Cash,11%
151,2025-05-04,1113,2056,402,2.0,839.55,Debit,14%
152,2025-05-04,1025,2087,403,2.0,0,Debit,0%
153,2025-05-04,1015,2050,403,1.0,504.31,Cash,20%
154,2025-05-04,1031,2058,401,1.0,2400.3,Credit,8%
155,2025-05-04,1164,2081,401,0.0,2984.88,Debit,15%
156,2025-05-04,1085,2031,402,1.0,508.77,Cash,20%
157,2025-05-04,1017,2097,402,1.0,757.89,Credit,20%
158,2025-05-04,1059,2042,402,0.0,0,Debit,0%
159,2025-05-04,1070,2018,402,2.0,0,Credit,0%
160,2025-05-04,1044,2014,401,1.0,886.68,Cash,16%
161,2025-05-04,1003,2045,402,2.0,499.42,Cash,17%
162,2025-05-04,1004,2022,403,0.0,671.18,Credit,20%
163,2025-05-04,1032,2094,404,0.0,493.35,Debit,8%
164,2025-05-04,1190,2008,404,3.0,266.36,Cash,17%
165,2025-05-04,1199,2046,401,3.0,167.15,Cash,11%
166,2025-05-04,1128,2028,401,2.0,2041.41,Credit,6%
167,2025-05-04,1117,2082,401,0.0,799.8,Credit,17%
168,2025-05-04,1122,2051,404,0.0,234.64,Cash,9%
169,2025-05-04,1125,2091,404,0.0,1811.58,Credit,15%
170,2025-05-04,1020,2041,402,0.0,0,Cash,0%
171,2025-05-04,1032,2035,403,3.0,4499.95,Credit,19%
172,2025-05-04,1152,2067,403,3.0,872.85,Cash,16%
173,2025-05-04,1129,2077,404,0.0,2809.15,Credit,2%
174,2025-05-04,1179,2014,402,3.0,738.9,Credit,12%
175,2025-05-04,1115,2029,404,2.0,0,Debit,0%
176,2025-05-04,1116,2051,404,0.0,351.96,Cash,19%
177,2025-05-04,1080,2054,403,2.0,3602.04,Debit,17%
178,2025-05-04,1095,2019,404,0.0,933.93,Debit,4%
179,2025-05-04,1023,2010,401,3.0,0,Credit,0%
180,2025-05-04,1024,2095,403,1.0,3533.69,Cash,14%
181,2025-05-04,1142,2007,403,0.0,583.39,Credit,5%
182,2025-05-04,1105,2045,404,0.0,624.28,Cash,5%
183,2025-05-04,1073,2076,403,2.0,1934.57,Debit,17%
184,2025-05-04,1026,2073,402,1.0,1797.95,Credit,14%
185,2025-05-04,1168,2061,402,0.0,599.76,Cash,1%
186,2025-05-04,1089,2071,403,0.0,0,Cash,0%
187,2025-05-04,1195,2035,402,3.0,0,Credit,0%
188,2025-05-04,1143,2098,401,2.0,2178.86,Credit,15%
189,2025-05-04,1007,2023,403,2.0,751.63,Cash,4%
190,2025-05-04,1086,2044,401,1.0,373.64,Credit,4%
191,2025-05-04,1036,2072,404,0.0,1260.9,Debit,10%
192,2025-05-04,1036,2094,401,0.0,2466.75,Debit,10%
193,2025-05-04,1191,2067,402,3.0,872.85,Cash,16%
194,2025-05-04,1107,2058,403,1.0,1800.22,Credit,12%
195,2025-05-04,1094,2039,403,0.0,1952.88,Cash,13%
196,2025-05-04,1013,2019,402,0.0,0,Debit,0%
197,2025-05-04,1172,2010,403,3.0,0,Cash,0%
198,2025-05-04,1169,2054,404,3.0,900.51,Credit,12%
199,2025-05-04,1106,2034,402,0.0,136.17,Debit,8%
200,2025-05-04,1088,2055,401,2.0,129.46,Debit,14%
201,2025-05-04,1173,2086,404,2.0,715.28,Cash,15%
202,2025-05-04,1011,2028,404,0.0,0,Debit,0%
203,2025-05-04,1001,2026,403,1.0,190.4,Debit,17%
204,2025-05-04,1196,2017,403,2.0,370.96,Debit,3%
205,2025-05-04,1083,2015,401,3.0,0,Cash,0%
206,2025-05-04,1191,2055,402,1.0,48.55,Debit,13%
207,2025-05-04,1097,2068,402,2.0,1312.38,Credit,9%
208,2025-05-04,1018,2050,401,3.0,0,Credit,0%
209,2025-05-04,1004,2058,401,2.0,1066.8,Cash,16%
210,2025-05-04,1147,2054,404,3.0,2701.53,Credit,2%
211,2025-05-04,1074,2014,404,0.0,738.9,Credit,8%
212,2025-05-04,1083,2021,404,2.0,668.33,Cash,17%
213,2025-05-04,1022,2055,401,1.0,97.09,Credit,9%
214,2025-05-04,1111,2075,404,0.0,1561.28,Credit,20%
215,2025-05-04,1101,2039,403,1.0,2636.39,Debit,16%
216,2025-05-04,1085,2099,402,0.0,646.32,Debit,8%
217,2025-05-04,1130,2081,401,1.0,1343.2,Credit,8%
218,2025-05-04,1198,2044,403,1.0,186.82,Debit,6%
219,2025-05-04,1060,2013,402,2.0,0,Credit,0%
220,2025-05-04,1050,2022,402,0.0,671.18,Debit,6%
221,2025-05-04,1045,2098,404,3.0,907.86,Debit,2%
222,2025-05-04,1193,2072,404,2.0,1681.2,Debit,6%
223,2025-05-04,1160,2040,402,3.0,138.16,Cash,7%
224,2025-05-04,1017,2060,404,2.0,0,Debit,0%
225,2025-05-04,1070,2075,401,2.0,624.51,Credit,14%
226,2025-05-04,1129,2009,403,3.0,198.93,Cash,19%
227,2025-05-04,1115,2004,401,2.0,2225.4,Credit,14%
228,2025-05-04,1073,2009,401,3.0,66.31,Credit,5%
229,2025-05-04,1118,2074,401,3.0,659.5,Cash,12%
230,2025-05-04,1146,2083,402,2.0,614.53,Cash,18%
231,2025-05-04,1154,2060,402,0.0,408.38,Credit,16%
232,2025-05-04,1115,2013,403,0.0,2806.08,Credit,1%
233,2025-05-04,1129,2082,402,0.0,1066.4,Cash,5%
234,2025-05-04,1063,2090,404,3.0,71.64,Debit,16%
235,2025-05-04,1134,2066,402,2.0,1238.54,Cash,11%
236,2025-05-04,1095,2036,404,3.0,653.94,Debit,14%
237,2025-05-04,1198,2043,401,2.0,1397.52,Cash,12%
238,2025-05-04,1016,2042,401,3.0,0,Debit,0%
239,2025-05-04,1072,2032,402,2.0,1512.96,Cash,8%
240,2025-05-04,1020,2074,402,2.0,527.6,Credit,9%
241,2025-05-04,1079,2083,404,1.0,691.34,Cash,5%
242,2025-05-04,1152,2090,401,2.0,57.31,Cash,18%
243,2025-05-04,1143,2048,403,1.0,0,Cash,0%
244,2025-05-04,1171,2089,401,3.0,1654.08,Credit,20%
245,2025-05-04,1130,2046,401,2.0,106.98,Debit,20%
246,2025-05-04,1079,2023,402,2.0,3006.53,Credit,16%
247,2025-05-04,1196,2062,402,1.0,1114.85,Cash,14%
248,2025-05-04,1035,2019,401,2.0,0,Debit,0%
249,2025-05-04,1025,2064,401,2.0,705.7,Credit,6%
250,2025-05-04,1196,2079,402,3.0,2851.62,Cash,9%
251,2025-05-04,1039,2020,402,1.0,338.25,Cash,9%
252,2025-05-04,1184,2056,401,3.0,1574.16,Cash,12%
253,2025-05-04,1093,2086,402,3.0,3576.4,Credit,7%
254,2025-05-04,1156,2036,404,1.0,392.36,Cash,12%
255,2025-05-04,1136,2030,403,3.0,509.91,Credit,18%
256,2025-05-04,1049,2047,404,3.0,1674.9,Cash,8%
257,2025-05-04,1196,2036,404,3.0,0,Credit,0%
258,2025-05-04,1041,2025,402,2.0,671.09,Credit,11%
259,2025-05-04,1013,2082,404,2.0,1066.4,Credit,18%
260,2025-05-04,1141,2013,401,2.0,748.29,Debit,10%
261,2025-05-04,1021,2097,402,2.0,673.68,Cash,18%
262,2025-05-04,1115,2065,402,3.0,1881.36,Credit,4%
263,2025-05-04,1023,2028,404,2.0,510.35,Debit,13%
264,2025-05-04,1006,2053,401,3.0,610.15,Cash,10%
265,2025-05-04,1128,2047,402,3.0,1004.94,Cash,3%
266,2025-05-04,1020,2047,402,0.0,669.96,Cash,6%
267,2025-05-04,1081,2012,403,1.0,1682.61,Debit,2%
268,2025-05-04,1035,2004,403,3.0,927.25,Cash,4%
269,2025-05-04,1178,2017,404,3.0,1854.8,Credit,8%
270,2025-05-04,1157,2000,401,0.0,1938.62,Credit,3%
271,2025-05-04,1065,2027,402,3.0,775.83,Debit,8%
272,2025-05-04,1028,2099,403,1.0,3490.13,Debit,17%
273,2025-05-04,1077,2015,401,1.0,1822.42,Cash,8%
274,2025-05-04,1107,2081,404,0.0,2238.66,Debit,14%
275,2025-05-04,1028,2063,401,1.0,994.43,Cash,15%
276,2025-05-04,1183,2018,403,3.0,2711.3,Credit,12%
277,2025-05-04,1000,2078,403,1.0,0,Cash,0%
278,2025-05-04,1146,2053,402,0.0,1220.3,Debit,7%
279,2025-05-04,1134,2046,401,0.0,33.43,Debit,6%
280,2025-05-04,1099,2060,401,3.0,1633.52,Credit,13%
281,2025-05-04,1095,2032,401,2.0,1512.96,Cash,9%
282,2025-05-04,1017,2044,402,0.0,207.58,Debit,8%
283,2025-05-04,1197,2074,403,1.0,593.55,Cash,11%
284,2025-05-04,1011,2045,403,1.0,842.78,Credit,15%
285,2025-05-04,1199,2087,404,3.0,159.32,Debit,13%
286,2025-05-04,1161,2023,402,0.0,939.54,Cash,5%
287,2025-05-04,1183,2099,404,0.0,1292.64,Debit,12%
288,2025-05-04,1075,2025,401,1.0,0,Cash,0%
289,2025-05-04,1010,2040,403,3.0,138.16,Debit,6%
290,2025-05-04,1139,2060,403,0.0,1225.14,Debit,8%
291,2025-05-04,1192,2082,402,2.0,213.28,Debit,8%
292,2025-05-04,1091,2099,401,2.0,1034.11,Cash,4%
293,2025-05-04,1069,2015,403,3.0,2699.88,Credit,14%
294,2025-05-04,1102,2095,404,3.0,1472.37,Debit,7%
295,2025-05-04,1086,2023,404,3.0,3758.16,Credit,17%
296,2025-05-04,1094,2066,403,0.0,1032.12,Credit,4%
297,2025-05-04,1186,2054,401,3.0,0,Cash,0%
298,2025-05-04,1154,2023,403,2.0,751.63,Debit,15%
299,2025-05-04,1026,2010,403,2.0,62.27,Cash,2%
300,2025-05-04,1078,2057,404,1.0,393.28,Debit,9%
301,2025-05-04,1176,2056,403,3.0,524.72,Credit,15%
302,2025-05-04,1010,2093,403,3.0,0,Debit,0%
303,2025-05-04,1070,2081,401,0.0,1492.44,Credit,7%
304,2025-05-04,1171,2081,404,2.0,596.98,Credit,11%
305,2025-05-04,1131,2095,402,0.0,1472.37,Credit,3%
306,2025-05-04,1036,2077,404,0.0,1123.66,Debit,8%
307,2025-05-04,1032,2008,402,2.0,106.54,Credit,16%
308,2025-05-04,1092,2049,401,1.0,0,Credit,0%
309,2025-05-04,1173,2057,403,2.0,349.58,Cash,17%
310,2025-05-04,1113,2097,401,1.0,757.89,Credit,18%
311,2025-05-04,1135,2046,404,2.0,80.23,Credit,16%
312,2025-05-04,1166,2035,402,0.0,899.99,Debit,7%
313,2025-05-04,1006,2094,402,3.0,1480.05,Debit,8%
314,2025-05-04,1132,2049,401,2.0,1503.74,Cash,17%
315,2025-05-04,1198,2033,404,1.0,2257.88,Debit,10%
316,2025-05-04,1156,2036,404,1.0,784.73,Credit,12%
317,2025-05-04,1031,2017,401,3.0,0,Cash,0%
318,2025-05-04,1044,2091,404,0.0,1811.58,Cash,1%
319,2025-05-04,1174,2040,403,0.0,34.54,Credit,3%
320,2025-05-04,1140,2069,403,2.0,557.74,Cash,10%
321,2025-05-04,1040,2091,402,2.0,724.63,Cash,11%
322,2025-05-04,1130,2028,401,1.0,574.15,Debit,17%
323,2025-05-04,1035,2030,404,0.0,339.94,Debit,17%
324,2025-05-04,1092,2070,403,3.0,102.54,Debit,16%
325,2025-05-04,1141,2016,401,0.0,0,Debit,0%
326,2025-05-04,1079,2050,404,3.0,186.78,Credit,1%
327,2025-05-04,1196,2052,401,1.0,2632.54,Cash,1%
328,2025-05-04,1081,2082,401,3.0,1066.4,Cash,14%
329,2025-05-04,1119,2087,403,1.0,0,Debit,0%
330,2025-05-04,1199,2070,402,1.0,30.76,Cash,2%
331,2025-05-04,1110,2064,401,0.0,0,Debit,0%
332,2025-05-04,1132,2019,403,1.0,1681.07,Credit,5%
333,2025-05-04,1041,2041,402,2.0,643.37,Debit,3%
334,2025-05-04,1132,2036,401,2.0,348.77,Credit,16%
335,2025-05-04,1050,2081,403,1.0,2686.39,Credit,16%
336,2025-05-04,1160,2038,401,1.0,0,Cash,0%
337,2025-05-04,1151,2074,402,1.0,1187.1,Debit,2%
338,2025-05-04,1168,2079,403,0.0,1901.08,Cash,13%
339,2025-05-04,1007,2010,401,2.0,62.27,Debit,4%
340,2025-05-04,1166,2026,404,0.0,0,Cash,0%
341,2025-05-04,1127,2080,403,2.0,1997.42,Cash,13%
342,2025-05-04,1123,2031,404,2.0,1356.72,Debit,1%
343,2025-05-04,1116,2009,401,1.0,119.36,Credit,11%
344,2025-05-04,1112,2053,404,3.0,0,Cash,0%
345,2025-05-04,1052,2043,402,2.0,698.76,Debit,19%
346,2025-05-04,1183,2040,403,3.0,103.62,Credit,15%
347,2025-05-04,1033,2097,403,0.0,4210.5,Cash,19%
348,2025-05-04,1081,2030,404,0.0,339.94,Debit,4%
349,2025-05-04,1068,2057,402,1.0,1179.85,Cash,3%
350,2025-05-04,1024,2006,403,3.0,594,Cash,13%
351,2025-05-04,1157,2053,402,1.0,1098.27,Debit,19%
352,2025-05-04,1083,2073,403,1.0,2247.44,Credit,10%
353,2025-05-04,1195,2020,404,3.0,1879.15,Debit,15%
354,2025-05-04,1127,2039,404,0.0,1952.88,Credit,1%
355,2025-05-04,1023,2050,404,1.0,0,Credit,0%
356,2025-05-04,1055,2074,403,0.0,1978.5,Debit,19%
357,2025-05-04,1012,2036,404,3.0,653.94,Cash,7%
358,2025-05-04,1073,2068,401,0.0,2460.72,Credit,14%
359,2025-05-04,1110,2017,403,2.0,370.96,Cash,12%
360,2025-05-04,1195,2051,403,0.0,117.32,Cash,9%
361,2025-05-04,1102,2006,402,2.0,792,Cash,10%
362,2025-05-04,1141,2036,401,3.0,871.92,Debit,18%
363,2025-05-04,1129,2057,403,0.0,1747.92,Debit,7%
364,2025-05-04,1032,2012,404,2.0,997.1,Credit,9%
365,2025-05-04,1086,2071,403,1.0,553.64,Credit,12%
366,2025-05-04,1050,2077,404,0.0,561.83,Debit,13%
367,2025-05-04,1011,2004,402,2.0,0,Credit,0%
368,2025-05-04,1121,2066,404,1.0,0,Debit,0%
369,2025-05-04,1155,2065,402,2.0,1128.82,Debit,8%
370,2025-05-04,1156,2040,402,3.0,138.16,Debit,3%
371,2025-05-04,1157,2094,403,2.0,1578.72,Credit,9%
372,2025-05-04,1129,2065,404,2.0,752.54,Credit,12%
373,2025-05-04,1121,2002,403,2.0,2771.2,Credit,1%
374,2025-05-04,1172,2014,404,2.0,197.04,Credit,6%
375,2025-05-04,1185,2088,401,3.0,2128.05,Cash,18%
376,2025-05-04,1067,2083,402,0.0,0,Cash,0%
377,2025-05-04,1149,2061,402,3.0,1199.52,Cash,3%
378,2025-05-04,1037,2087,402,0.0,318.64,Credit,7%
379,2025-05-04,1146,2089,401,1.0,744.34,Cash,14%
380,2025-05-04,1004,2056,403,3.0,2098.88,Credit,17%
381,2025-05-04,1038,2052,402,3.0,2193.78,Debit,4%
382,2025-05-04,1128,2099,404,0.0,3877.92,Credit,13%
383,2025-05-04,1180,2017,402,2.0,741.92,Debit,6%
384,2025-05-04,1169,2061,404,2.0,319.87,Credit,19%
385,2025-05-04,1044,2058,403,2.0,1066.8,Debit,16%
386,2025-05-04,1173,2098,403,3.0,3631.44,Credit,16%
387,2025-05-04,1049,2031,403,2.0,1356.72,Cash,4%
388,2025-05-04,1057,2038,403,1.0,2501.58,Debit,9%
389,2025-05-04,1176,2090,404,2.0,343.87,Debit,6%
390,2025-05-04,1122,2044,403,2.0,166.06,Credit,10%
391,2025-05-04,1031,2073,404,3.0,1498.29,Cash,9%
392,2025-05-04,1088,2098,402,2.0,726.29,Debit,9%
393,2025-05-04,1010,2036,401,2.0,348.77,Credit,16%
394,2025-05-04,1113,2083,403,3.0,3072.64,Cash,3%
395,2025-05-04,1054,2025,403,2.0,671.09,Debit,17%
396,2025-05-04,1035,2013,402,1.0,1683.65,Debit,12%
397,2025-05-04,1012,2085,402,1.0,217.94,Credit,17%
398,2025-05-04,1013,2012,404,2.0,1994.21,Cash,4%
399,2025-05-04,1183,2060,401,1.0,367.54,Cash,2%
400,2025-05-04,1001,2070,402,3.0,102.54,Cash,19%
401,2025-05-04,1167,2060,404,1.0,735.08,Debit,6%
402,2025-05-04,1193,2036,403,2.0,348.77,Debit,10%
403,2025-05-04,1165,2007,401,1.0,0,Debit,0%
404,2025-05-04,1136,2094,401,1.0,1776.06,Cash,4%
405,2025-05-04,1106,2022,401,3.0,671.18,Debit,12%
406,2025-05-04,1126,2023,403,0.0,0,Credit,0%
407,2025-05-04,1002,2038,401,2.0,1482.42,Credit,8%
408,2025-05-04,1072,2058,404,1.0,1200.15,Debit,2%
409,2025-05-04,1129,2059,403,1.0,1382.54,Debit,9%
410,2025-05-04,1028,2042,402,3.0,502.83,Debit,15%
411,2025-05-04,1165,2032,402,0.0,0,Credit,0%
412,2025-05-04,1188,2043,403,1.0,1572.21,Debit,12%
413,2025-05-04,1044,2078,404,3.0,426.03,Cash,9%
414,2025-05-04,1131,2041,401,3.0,3216.84,Debit,17%
415,2025-05-04,1171,2012,402,1.0,1121.74,Credit,7%
416,2025-05-04,1122,2041,402,0.0,1608.42,Cash,18%
417,2025-05-04,1066,2049,402,3.0,0,Credit,0%
418,2025-05-04,1192,2034,403,2.0,326.81,Cash,6%
419,2025-05-04,1149,2092,401,2.0,1157.3,Cash,10%
420,2025-05-04,1167,2046,402,0.0,133.72,Cash,8%
421,2025-05-04,1170,2015,404,2.0,0,Cash,0%
422,2025-05-04,1040,2051,403,0.0,469.28,Cash,20%
423,2025-05-04,1163,2037,403,1.0,0,Credit,0%
424,2025-05-04,1056,2017,404,1.0,834.66,Debit,19%
425,2025-05-04,1116,2095,403,3.0,490.79,Credit,16%
426,2025-05-04,1179,2070,404,1.0,61.52,Cash,14%
427,2025-05-04,1195,2031,401,3.0,1695.9,Debit,12%
428,2025-05-04,1135,2090,403,0.0,0,Cash,0%
429,2025-05-04,1144,2014,401,1.0,443.34,Credit,13%
430,2025-05-04,1146,2068,402,1.0,2952.86,Credit,8%
431,2025-05-04,1083,2066,404,0.0,516.06,Credit,15%
432,2025-05-04,1174,2026,404,0.0,423.12,Credit,5%
433,2025-05-04,1130,2057,401,3.0,1747.92,Credit,6%
434,2025-05-04,1033,2065,404,3.0,0,Credit,0%
435,2025-05-04,1144,2007,404,2.0,933.42,Credit,3%
436,2025-05-04,1185,2002,404,2.0,692.8,Credit,14%
437,2025-05-04,1000,2095,402,0.0,0,Cash,0%
438,2025-05-04,1011,2054,403,0.0,900.51,Debit,12%
439,2025-05-04,1138,2007,401,3.0,2333.56,Debit,2%
440,2025-05-04,1008,2036,404,1.0,196.18,Debit,17%
441,2025-05-04,1196,2017,404,2.0,741.92,Debit,7%
442,2025-05-04,1097,2057,404,3.0,436.98,Debit,1%
443,2025-05-04,1020,2087,402,2.0,637.28,Cash,12%
444,2025-05-04,1030,2022,404,1.0,604.06,Cash,19%
445,2025-05-04,1186,2028,401,0.0,2551.76,Debit,4%
446,2025-05-04,1076,2059,404,3.0,1536.15,Credit,4%
447,2025-05-04,1058,2031,404,2.0,0,Debit,0%
448,2025-05-04,1039,2035,402,0.0,899.99,Debit,1%
449,2025-05-04,1008,2084,404,0.0,845.55,Credit,2%
450,2025-05-04,1061,2026,401,0.0,423.12,Debit,5%
451,2025-05-04,1152,2004,404,0.0,2781.75,Credit,11%
452,2025-05-04,1062,2094,401,3.0,1973.4,Credit,13%
453,2025-05-04,1112,2029,402,0.0,13.51,Credit,2%
454,2025-05-04,1035,2064,403,1.0,0,Debit,0%
455,2025-05-04,1187,2073,403,2.0,399.54,Credit,20%
456,2025-05-04,1060,2038,402,1.0,3335.44,Credit,3%
457,2025-05-04,1105,2038,403,0.0,1853.02,Credit,19%
458,2025-05-04,1142,2075,402,3.0,3903.2,Credit,1%
459,2025-05-04,1142,2063,401,2.0,1325.9,Credit,6%
460,2025-05-04,1164,2085,404,2.0,387.44,Debit,18%
461,2025-05-04,1178,2053,404,1.0,1647.4,Cash,5%
462,2025-05-04,1076,2048,402,3.0,1072.89,Cash,8%
463,2025-05-04,1061,2028,403,1.0,1148.29,Credit,6%
464,2025-05-04,1118,2007,404,3.0,1750.17,Cash,8%
465,2025-05-04,1142,2067,402,3.0,1163.8,Credit,6%
466,2025-05-04,1062,2032,402,2.0,756.48,Debit,10%
467,2025-05-04,1165,2010,404,2.0,124.54,Debit,18%
468,2025-05-04,1023,2068,402,0.0,2460.72,Credit,3%
469,2025-05-04,1068,2048,401,0.0,715.26,Credit,9%
470,2025-05-04,1048,2097,402,3.0,0,Cash,0%
471,2025-05-04,1053,2042,403,0.0,167.61,Credit,10%
472,2025-05-04,1054,2024,401,3.0,372.81,Cash,2%
473,2025-05-04,1062,2089,402,3.0,1240.56,Cash,19%
474,2025-05-04,1061,2070,403,2.0,27.34,Credit,15%
475,2025-05-04,1097,2059,403,2.0,0,Cash,0%
476,2025-05-04,1066,2046,404,3.0,200.58,Debit,12%
477,2025-05-04,1025,2092,404,2.0,771.54,Cash,6%
478,2025-05-04,1052,2047,403,3.0,334.98,Debit,3%
479,2025-05-04,1011,2072,402,1.0,756.54,Debit,20%
480,2025-05-04,1004,2033,404,2.0,0,Debit,0%
481,2025-05-04,1039,2025,403,1.0,503.32,Cash,17%
482,2025-05-04,1097,2072,402,3.0,420.3,Credit,17%
483,2025-05-04,1140,2083,403,2.0,1843.58,Debit,20%
484,2025-05-04,1195,2062,404,3.0,3096.8,Debit,18%
485,2025-05-04,1043,2093,403,1.0,1360.69,Debit,1%
486,2025-05-04,1035,2092,404,1.0,0,Cash,0%
487,2025-05-04,1138,2082,401,0.0,533.2,Credit,9%
488,2025-05-04,1019,2085,401,0.0,484.3,Debit,4%
489,2025-05-04,1105,2017,402,0.0,1391.1,Cash,13%
490,2025-05-04,1181,2019,401,1.0,4202.68,Debit,6%
491,2025-05-04,1129,2058,403,0.0,1333.5,Credit,11%
492,2025-05-04,1158,2081,404,3.0,2984.88,Credit,16%
493,2025-05-04,1004,2000,404,0.0,2907.93,Credit,3%
494,2025-05-04,1004,2067,403,2.0,465.52,Debit,19%
495,2025-05-04,1004,2064,404,1.0,1323.18,Debit,1%
496,2025-05-04,1027,2012,402,1.0,1121.74,Cash,18%
497,2025-05-04,1049,2079,403,2.0,3802.16,Cash,4%
498,2025-05-04,1068,2050,401,2.0,0,Credit,0%
499,2025-05-04,1103,2058,402,1.0,600.08,Cash,19%
500,2025-05-04,1076,2087,401,0.0,159.32,Debit,8%
501,2025-05-04,1023,2051,404,3.0,351.96,Debit,14%
502,2025-05-04,1141,2060,401,0.0,408.38,Cash,12%
503,2025-05-04,1179,2021,401,3.0,835.41,Cash,4%
504,2025-05-04,1111,2082,403,0.0,0,Debit,0%
505,2025-05-04,1135,2005,402,1.0,1157.71,Cash,13%
506,2025-05-04,1177,2072,404,2.0,1008.72,Cash,17%
507,2025-05-04,1011,2009,403,0.0,0,Credit,0%
508,2025-05-04,1045,2040,401,1.0,31.09,Credit,16%
509,2025-05-04,1150,2018,404,0.0,1084.52,Debit,3%
510,2025-05-04,1076,2020,402,3.0,2254.98,Credit,8%
511,2025-05-04,1173,2069,403,3.0,232.39,Credit,6%
512,2025-05-04,1193,2094,402,0.0,1480.05,Credit,15%
513,2025-05-04,1128,2095,403,0.0,0,Debit,0%
514,2025-05-04,1025,2055,402,0.0,107.88,Debit,11%
515,2025-05-04,1087,2077,404,2.0,449.46,Credit,17%
516,2025-05-04,1007,2081,403,3.0,746.22,Debit,11%
517,2025-05-04,1125,2029,403,3.0,40.53,Debit,18%
518,2025-05-04,1110,2023,404,0.0,1879.08,Debit,6%
519,2025-05-04,1197,2079,403,1.0,855.49,Cash,13%
520,2025-05-04,1182,2009,401,2.0,53.05,Debit,5%
521,2025-05-04,1039,2048,402,3.0,357.63,Credit,7%
522,2025-05-04,1081,2046,401,0.0,33.43,Debit,15%
523,2025-05-04,1001,2039,404,2.0,2343.46,Debit,7%
524,2025-05-04,1194,2034,401,1.0,245.11,Debit,17%
525,2025-05-04,1022,2023,404,3.0,5637.24,Cash,14%
526,2025-05-04,1142,2071,404,0.0,615.16,Credit,18%
527,2025-05-04,1006,2011,403,0.0,1229.22,Credit,2%
528,2025-05-04,1152,2076,403,3.0,2418.21,Credit,3%
529,2025-05-04,1003,2037,404,3.0,1440.56,Cash,20%
530,2025-05-04,1199,2010,402,1.0,210.17,Credit,5%
531,2025-05-04,1175,2048,402,1.0,965.6,Cash,5%
532,2025-05-04,1068,2038,403,3.0,0,Debit,0%
533,2025-05-04,1037,2008,402,3.0,266.36,Cash,1%
534,2025-05-04,1070,2053,403,3.0,1830.45,Credit,12%
535,2025-05-04,1005,2009,403,2.0,53.05,Cash,1%
536,2025-05-04,1063,2092,404,1.0,867.98,Credit,15%
537,2025-05-04,1117,2013,402,2.0,2244.86,Credit,2%
538,2025-05-04,1001,2050,403,3.0,0,Credit,0%
539,2025-05-04,1084,2056,403,3.0,1574.16,Debit,12%
540,2025-05-04,1166,2076,402,2.0,0,Cash,0%
541,2025-05-04,1082,2077,402,3.0,0,Credit,0%
542,2025-05-04,1080,2022,404,2.0,1073.89,Credit,16%
543,2025-05-04,1074,2094,404,1.0,444.02,Cash,4%
544,2025-05-04,1083,2048,403,3.0,0,Debit,0%
545,2025-05-04,1093,2014,402,1.0,221.67,Credit,5%
546,2025-05-04,1174,2098,401,3.0,2723.58,Credit,7%
547,2025-05-04,1181,2026,404,2.0,507.74,Cash,2%
548,2025-05-04,1177,2008,404,3.0,332.95,Cash,8%
549,2025-05-04,1035,2081,403,1.0,1343.2,Cash,10%
550,2025-05-04,1064,2084,402,3.0,845.55,Cash,1%
551,2025-05-04,1096,2009,404,3.0,198.93,Credit,4%
552,2025-05-04,1149,2051,404,0.0,0,Credit,0%
553,2025-05-04,1092,2089,401,0.0,827.04,Cash,3%
554,2025-05-04,1196,2031,403,1.0,1526.31,Cash,16%
555,2025-05-04,1165,2078,401,3.0,142.01,Debit,12%
556,2025-05-04,1192,2042,404,0.0,1005.66,Credit,13%
557,2025-05-04,1002,2012,403,1.0,560.87,Debit,5%
558,2025-05-04,1130,2095,402,3.0,1963.16,Cash,18%
559,2025-05-04,1095,2050,404,1.0,168.1,Debit,9%
560,2025-05-04,1088,2003,404,0.0,385.18,Credit,5%
561,2025-05-04,1075,2053,401,0.0,1830.45,Credit,13%
562,2025-05-04,1186,2018,403,2.0,1301.42,Credit,6%
563,2025-05-04,1087,2058,402,3.0,2667,Credit,8%
564,2025-05-04,1089,2060,401,3.0,408.38,Debit,6%
565,2025-05-04,1184,2089,404,2.0,1984.9,Credit,16%
566,2025-05-04,1017,2038,401,0.0,0,Credit,0%
567,2025-05-04,1005,2043,401,1.0,786.1,Cash,11%
568,2025-05-04,1189,2031,402,1.0,2035.08,Credit,12%
569,2025-05-04,1084,2071,404,3.0,0,Cash,0%
570,2025-05-04,1059,2051,402,1.0,527.94,Cash,16%
571,2025-05-04,1163,2084,404,3.0,845.55,Debit,6%
572,2025-05-04,1007,2094,402,3.0,493.35,Cash,5%
573,2025-05-04,1151,2054,404,0.0,0,Debit,0%
574,2025-05-04,1180,2027,402,2.0,0,Debit,0%
575,2025-05-04,1192,2090,401,0.0,286.56,Credit,19%
576,2025-05-04,1137,2023,403,2.0,1503.26,Debit,10%
577,2025-05-04,1050,2058,401,2.0,1066.8,Cash,7%
578,2025-05-04,1171,2062,403,3.0,619.36,Cash,13%
579,2025-05-04,1156,2050,401,2.0,0,Cash,0%
580,2025-05-04,1090,2058,402,2.0,1066.8,Debit,7%
581,2025-05-04,1157,2075,401,1.0,702.58,Debit,17%
582,2025-05-04,1080,2015,402,2.0,1619.93,Credit,3%
583,2025-05-04,1029,2023,403,1.0,0,Cash,0%
584,2025-05-04,1130,2049,404,1.0,845.86,Debit,10%
585,2025-05-04,1147,2049,404,1.0,845.86,Debit,18%
586,2025-05-04,1124,2081,402,1.0,2686.39,Credit,19%
587,2025-05-04,1125,2036,402,1.0,588.55,Credit,9%
588,2025-05-04,1080,2057,401,2.0,699.17,Credit,1%
589,2025-05-04,1002,2062,402,1.0,1114.85,Credit,16%
590,2025-05-04,1098,2071,404,3.0,1845.48,Credit,20%
591,2025-05-04,1175,2062,404,3.0,1858.08,Debit,4%
592,2025-05-04,1125,2021,401,0.0,1670.82,Cash,5%
593,2025-05-04,1194,2028,403,0.0,637.94,Cash,17%
594,2025-05-04,1070,2028,403,1.0,0,Debit,0%
595,2025-05-04,1199,2058,404,0.0,2667,Credit,10%
596,2025-05-04,1146,2014,403,2.0,0,Credit,0%
597,2025-05-04,1138,2096,401,3.0,2688.72,Credit,8%
598,2025-05-04,1139,2027,404,0.0,258.61,Credit,3%
599,2025-05-04,1188,2083,402,2.0,1229.06,Debit,8%
600,2025-05-04,1008,2057,403,2.0,699.17,Debit,12%
601,2025-05-04,1022,2056,401,1.0,2361.24,Credit,12%
602,2025-05-04,1053,2094,403,3.0,493.35,Debit,2%
603,2025-05-04,1042,2078,402,1.0,127.81,Debit,3%
604,2025-05-04,1052,2007,403,2.0,2333.56,Debit,12%
605,2025-05-04,1152,2068,402,2.0,656.19,Debit,13%
606,2025-05-04,1180,2037,403,2.0,288.11,Cash,16%
607,2025-05-04,1131,2086,401,1.0,2414.07,Credit,4%
608,2025-05-04,1192,2052,401,2.0,0,Debit,0%
609,2025-05-04,1167,2016,402,1.0,290.72,Debit,2%
610,2025-05-04,1037,2091,403,1.0,0,Credit,0%
611,2025-05-04,1194,2086,404,3.0,0,Credit,0%
612,2025-05-04,1036,2073,403,3.0,1997.72,Cash,17%
613,2025-05-04,1096,2057,401,0.0,1310.94,Cash,19%
614,2025-05-04,1103,2065,403,2.0,376.27,Debit,10%
615,2025-05-04,1116,2062,403,0.0,1238.72,Credit,17%
616,2025-05-04,1198,2093,401,3.0,0,Debit,0%
617,2025-05-04,1162,2085,403,0.0,0,Cash,0%
618,2025-05-04,1136,2050,402,3.0,933.9,Cash,2%
619,2025-05-04,1054,2063,403,2.0,441.97,Debit,9%
620,2025-05-04,1072,2043,402,3.0,4367.25,Cash,1%
621,2025-05-04,1087,2087,401,0.0,637.28,Credit,20%
622,2025-05-04,1025,2080,404,0.0,3329.04,Cash,8%
623,2025-05-04,1031,2020,404,3.0,1127.49,Debit,2%
624,2025-05-04,1000,2054,402,1.0,1620.92,Debit,13%
625,2025-05-04,1166,2038,402,2.0,2223.62,Debit,20%
626,2025-05-04,1023,2083,403,2.0,1229.06,Debit,5%
627,2025-05-04,1021,2047,402,0.0,1674.9,Credit,4%
628,2025-05-04,1101,2080,403,1.0,3745.17,Cash,4%
629,2025-05-04,1109,2083,401,0.0,768.16,Credit,15%
630,2025-05-04,1000,2027,404,0.0,517.22,Cash,12%
631,2025-05-04,1033,2075,402,3.0,780.64,Cash,19%
632,2025-05-04,1002,2001,403,0.0,824.7,Credit,18%
633,2025-05-04,1108,2088,402,3.0,3546.75,Cash,2%
634,2025-05-04,1018,2029,404,0.0,27.02,Cash,16%
635,2025-05-04,1187,2013,401,2.0,2993.15,Credit,5%
636,2025-05-04,1094,2038,402,3.0,926.51,Credit,7%
637,2025-05-04,1198,2096,402,1.0,1814.89,Credit,11%
638,2025-05-04,1017,2067,401,1.0,523.71,Credit,5%
639,2025-05-04,1112,2044,402,1.0,560.47,Debit,4%
640,2025-05-04,1105,2078,404,1.0,383.43,Credit,4%
641,2025-05-04,1022,2012,402,0.0,623.19,Credit,19%
642,2025-05-04,1150,2093,404,2.0,1814.26,Debit,4%
643,2025-05-04,1109,2040,402,1.0,31.09,Credit,7%
644,2025-05-04,1070,2082,401,1.0,719.82,Cash,18%
645,2025-05-04,1141,2076,403,0.0,3224.28,Debit,12%
646,2025-05-04,1168,2038,402,1.0,1667.72,Cash,2%
647,2025-05-04,1191,2050,403,0.0,560.34,Cash,8%
648,2025-05-04,1005,2030,404,3.0,679.88,Cash,12%
649,2025-05-04,1028,2030,404,0.0,509.91,Debit,2%
650,2025-05-04,1135,2001,403,2.0,989.64,Credit,13%
651,2025-05-04,1033,2049,404,2.0,751.87,Debit,14%
652,2025-05-04,1139,2087,402,3.0,0,Cash,0%
653,2025-05-04,1197,2009,401,0.0,265.24,Cash,3%
654,2025-05-04,1003,2033,402,0.0,836.25,Cash,14%
655,2025-05-04,1015,2050,403,3.0,560.34,Cash,1%
656,2025-05-04,1108,2089,404,0.0,413.52,Credit,17%
657,2025-05-04,1163,2068,402,2.0,3280.96,Credit,13%
658,2025-05-04,1021,2039,401,1.0,878.8,Credit,11%
659,2025-05-04,1039,2068,403,3.0,2460.72,Cash,18%
660,2025-05-04,1150,2081,401,2.0,1193.95,Cash,17%
661,2025-05-04,1178,2055,402,0.0,53.94,Credit,9%
662,2025-05-04,1062,2011,404,0.0,0,Credit,0%
663,2025-05-04,1116,2078,401,2.0,0,Cash,0%
664,2025-05-04,1170,2094,402,0.0,986.7,Debit,12%
665,2025-05-04,1003,2090,402,0.0,143.28,Debit,10%
666,2025-05-04,1041,2063,403,2.0,1325.9,Cash,2%
667,2025-05-04,1042,2047,402,2.0,803.95,Cash,4%
668,2025-05-04,1187,2015,401,2.0,0,Debit,0%
669,2025-05-04,1109,2034,401,2.0,326.81,Cash,12%
670,2025-05-04,1182,2073,401,3.0,499.43,Cash,9%
671,2025-05-04,1116,2065,403,0.0,470.34,Credit,8%
672,2025-05-04,1127,2072,402,2.0,1008.72,Debit,8%
673,2025-05-04,1040,2032,401,0.0,0,Debit,0%
674,2025-05-04,1058,2094,401,0.0,493.35,Cash,9%
675,2025-05-04,1003,2031,401,3.0,1695.9,Cash,9%
676,2025-05-04,1093,2049,402,1.0,1691.71,Debit,5%
677,2025-05-04,1009,2070,404,1.0,30.76,Debit,19%
678,2025-05-04,1082,2031,404,2.0,452.24,Credit,17%
679,2025-05-04,1069,2009,403,0.0,0,Credit,0%
680,2025-05-04,1128,2086,401,1.0,804.69,Cash,18%
681,2025-05-04,1057,2066,401,3.0,1548.18,Cash,16%
682,2025-05-04,1017,2059,403,2.0,409.64,Debit,10%
683,2025-05-04,1083,2011,404,0.0,1638.96,Credit,6%
684,2025-05-04,1094,2025,403,2.0,223.7,Debit,12%
685,2025-05-04,1189,2079,402,3.0,3802.16,Credit,16%
686,2025-05-04,1094,2075,404,1.0,702.58,Debit,12%
687,2025-05-04,1187,2069,402,1.0,627.45,Credit,18%
688,2025-05-04,1001,2052,401,1.0,0,Debit,0%
689,2025-05-04,1138,2044,401,2.0,166.06,Cash,9%
690,2025-05-04,1000,2097,404,2.0,1347.36,Credit,3%
691,2025-05-04,1026,2026,402,3.0,211.56,Credit,1%
692,2025-05-04,1125,2007,402,2.0,933.42,Cash,13%
693,2025-05-04,1023,2005,402,3.0,1286.34,Cash,2%
694,2025-05-04,1179,2047,404,0.0,669.96,Cash,7%
695,2025-05-04,1148,2012,402,3.0,3115.95,Debit,9%
696,2025-05-04,1019,2075,401,3.0,2341.92,Debit,20%
697,2025-05-04,1169,2016,402,2.0,775.25,Credit,15%
698,2025-05-04,1066,2040,404,2.0,55.26,Debit,9%
699,2025-05-04,1081,2057,403,1.0,393.28,Credit,2%
700,2025-05-04,1019,2025,402,0.0,559.24,Credit,16%
701,2025-05-04,1039,2013,402,3.0,4676.8,Cash,17%
702,2025-05-04,1119,2040,404,0.0,69.08,Cash,16%
703,2025-05-04,1137,2045,402,3.0,0,Credit,0%
704,2025-05-04,1078,2059,403,0.0,1536.15,Debit,16%
705,2025-05-04,1023,2020,403,0.0,0,Credit,0%
706,2025-05-04,1055,2041,402,0.0,4021.05,Debit,8%
707,2025-05-04,1182,2031,403,3.0,1695.9,Cash,12%
708,2025-05-04,1131,2006,403,2.0,475.2,Credit,16%
709,2025-05-04,1044,2003,404,3.0,1155.54,Credit,18%
710,2025-05-04,1142,2095,402,0.0,2453.95,Debit,17%
711,2025-05-04,1118,2013,402,0.0,1870.72,Cash,17%
712,2025-05-04,1003,2007,402,1.0,1050.1,Cash,1%
713,2025-05-04,1050,2051,403,0.0,117.32,Credit,13%
714,2025-05-04,1149,2075,403,0.0,780.64,Credit,14%
715,2025-05-04,1005,2008,402,3.0,466.13,Credit,10%
716,2025-05-04,1032,2011,403,0.0,409.74,Debit,9%
717,2025-05-04,1010,2059,401,1.0,921.69,Cash,2%
718,2025-05-04,1146,2055,404,3.0,0,Credit,0%
719,2025-05-04,1007,2048,404,1.0,1287.47,Cash,12%
720,2025-05-04,1090,2027,402,2.0,413.78,Cash,1%
721,2025-05-04,1071,2057,402,0.0,1310.94,Debit,10%
722,2025-05-04,1157,2079,402,2.0,2281.3,Cash,10%
723,2025-05-04,1127,2052,404,0.0,2193.78,Debit,16%
724,2025-05-04,1022,2035,404,1.0,1619.98,Credit,6%
725,2025-05-04,1107,2025,402,0.0,279.62,Credit,8%
726,2025-05-04,1097,2091,403,3.0,2717.37,Credit,12%
727,2025-05-04,1139,2062,403,2.0,1486.46,Cash,16%
728,2025-05-04,1099,2034,402,0.0,408.51,Credit,18%
729,2025-05-04,1081,2076,402,0.0,2418.21,Credit,2%
730,2025-05-04,1199,2035,401,3.0,2699.97,Cash,13%
731,2025-05-04,1135,2045,402,1.0,842.78,Credit,20%
732,2025-05-04,1025,2031,402,2.0,904.48,Cash,13%
733,2025-05-04,1136,2094,401,1.0,0,Debit,0%
734,2025-05-04,1147,2049,403,1.0,3383.42,Cash,11%
735,2025-05-04,1045,2030,403,2.0,407.93,Cash,15%
736,2025-05-04,1151,2003,403,1.0,693.32,Credit,5%
737,2025-05-04,1144,2024,404,2.0,298.25,Debit,10%
738,2025-05-04,1044,2062,401,0.0,1238.72,Cash,9%
739,2025-05-04,1014,2029,402,0.0,13.51,Debit,5%
740,2025-05-04,1134,2061,401,2.0,639.74,Credit,2%
741,2025-05-04,1157,2025,402,2.0,671.09,Debit,5%
742,2025-05-04,1183,2022,403,0.0,2684.72,Debit,4%
743,2025-05-04,1005,2018,402,0.0,542.26,Cash,12%
744,2025-05-04,1134,2046,401,2.0,53.49,Debit,12%
745,2025-05-04,1180,2084,404,0.0,281.85,Credit,19%
746,2025-05-04,1086,2038,403,1.0,1667.72,Cash,6%
747,2025-05-04,1040,2093,404,3.0,755.94,Debit,5%
748,2025-05-04,1166,2040,402,2.0,27.63,Cash,6%
749,2025-05-04,1057,2085,402,3.0,1452.9,Cash,2%
750,2025-05-04,1078,2093,403,1.0,0,Cash,0%
751,2025-05-04,1045,2093,401,3.0,2267.82,Debit,16%
752,2025-05-04,1197,2072,401,1.0,1513.08,Cash,14%
753,2025-05-04,1154,2040,402,0.0,69.08,Credit,3%
754,2025-05-04,1127,2018,403,0.0,0,Cash,0%
755,2025-05-04,1060,2044,403,1.0,934.11,Debit,5%
756,2025-05-04,1162,2011,403,3.0,1229.22,Cash,13%
757,2025-05-04,1002,2033,402,1.0,3010.5,Cash,12%
758,2025-05-04,1177,2008,403,2.0,159.82,Cash,8%
759,2025-05-04,1027,2092,401,0.0,482.21,Cash,4%
760,2025-05-04,1098,2056,404,1.0,944.5,Debit,1%
761,2025-05-04,1105,2063,404,2.0,2209.84,Credit,7%
762,2025-05-04,1139,2048,401,3.0,357.63,Credit,8%
763,2025-05-04,1147,2083,402,1.0,691.34,Debit,7%
764,2025-05-04,1115,2009,401,2.0,53.05,Cash,3%
765,2025-05-04,1005,2040,403,0.0,103.62,Debit,5%
766,2025-05-04,1018,2043,402,3.0,2620.35,Debit,20%
767,2025-05-04,1041,2093,401,0.0,755.94,Cash,11%
768,2025-05-04,1086,2076,404,0.0,0,Cash,0%
769,2025-05-04,1110,2083,402,3.0,768.16,Credit,5%
770,2025-05-04,1040,2006,401,2.0,0,Credit,0%
771,2025-05-04,1052,2024,404,2.0,298.25,Cash,2%
772,2025-05-04,1169,2036,403,1.0,392.36,Cash,1%
773,2025-05-04,1024,2006,404,3.0,0,Credit,0%
774,2025-05-04,1039,2006,403,0.0,198,Cash,16%
775,2025-05-04,1109,2011,403,3.0,1638.96,Debit,16%
776,2025-05-04,1051,2012,401,1.0,1121.74,Credit,14%
777,2025-05-04,1043,2081,403,0.0,746.22,Credit,2%
778,2025-05-04,1121,2014,403,3.0,985.2,Credit,9%
779,2025-05-04,1120,2062,403,0.0,2477.44,Credit,10%
780,2025-05-04,1164,2069,404,1.0,0,Credit,0%
781,2025-05-04,1094,2048,403,1.0,321.87,Cash,15%
782,2025-05-04,1114,2005,403,3.0,428.78,Cash,7%
783,2025-05-04,1119,2033,402,2.0,1338,Cash,10%
784,2025-05-04,1144,2007,402,0.0,1166.78,Credit,1%
785,2025-05-04,1021,2085,403,3.0,0,Cash,0%
786,2025-05-04,1193,2075,402,0.0,1561.28,Credit,12%
787,2025-05-04,1099,2066,404,3.0,0,Credit,0%
788,2025-05-04,1146,2030,404,2.0,543.9,Debit,19%
789,2025-05-04,1020,2050,401,1.0,168.1,Debit,12%
790,2025-05-04,1030,2096,404,1.0,3024.81,Debit,9%
791,2025-05-04,1042,2027,402,1.0,232.75,Debit,20%
792,2025-05-04,1010,2054,401,3.0,900.51,Credit,12%
793,2025-05-04,1051,2080,402,2.0,0,Credit,0%
794,2025-05-04,1081,2093,401,0.0,755.94,Cash,15%
795,2025-05-04,1099,2071,404,2.0,984.26,Cash,9%
796,2025-05-04,1070,2066,404,0.0,0,Cash,0%
797,2025-05-04,1179,2079,404,0.0,2851.62,Debit,18%
798,2025-05-04,1106,2019,402,0.0,3735.72,Cash,13%
799,2025-05-04,1027,2072,401,2.0,672.48,Debit,10%
800,2025-05-04,1137,2044,404,2.0,830.32,Credit,20%
801,2025-05-04,1098,2083,404,3.0,2304.48,Debit,16%
802,2025-05-04,1009,2022,403,3.0,2684.72,Cash,17%
803,2025-05-04,1036,2079,404,0.0,950.54,Credit,15%
804,2025-05-04,1101,2042,402,0.0,335.22,Cash,13%
805,2025-05-04,1190,2060,403,2.0,0,Credit,0%
806,2025-05-04,1005,2043,403,2.0,2096.28,Debit,3%
807,2025-05-04,1071,2062,401,1.0,557.42,Debit,10%
808,2025-05-04,1034,2038,404,2.0,2223.62,Cash,14%
809,2025-05-04,1068,2093,404,0.0,2267.82,Debit,8%
810,2025-05-04,1048,2056,402,3.0,524.72,Credit,17%
811,2025-05-04,1189,2062,403,0.0,1858.08,Debit,2%
812,2025-05-04,1131,2020,401,2.0,0,Cash,0%
813,2025-05-04,1181,2064,404,1.0,264.64,Credit,5%
814,2025-05-04,1199,2067,401,1.0,0,Debit,0%
815,2025-05-04,1049,2025,401,1.0,503.32,Credit,13%
816,2025-05-04,1008,2058,401,2.0,533.4,Debit,12%
817,2025-05-04,1180,2025,403,2.0,894.78,Credit,1%
818,2025-05-04,1118,2064,404,0.0,882.12,Debit,12%
819,2025-05-04,1174,2003,402,2.0,308.14,Debit,15%
820,2025-05-04,1125,2076,404,1.0,725.46,Debit,7%
821,2025-05-04,1121,2075,403,2.0,2498.05,Debit,13%
822,2025-05-04,1041,2033,401,2.0,669,Credit,14%
823,2025-05-04,1007,2049,401,1.0,845.86,Cash,19%
824,2025-05-04,1146,2099,402,1.0,581.69,Credit,1%
825,2025-05-04,1165,2028,402,2.0,1531.06,Debit,8%
826,2025-05-04,1166,2052,401,0.0,731.26,Debit,13%
827,2025-05-04,1121,2016,402,0.0,646.04,Credit,13%
828,2025-05-04,1057,2032,403,2.0,3782.4,Credit,2%
829,2025-05-04,1108,2048,403,3.0,357.63,Credit,18%
830,2025-05-04,1064,2027,404,2.0,413.78,Credit,5%
831,2025-05-04,1173,2066,404,0.0,2580.3,Credit,9%
832,2025-05-04,1001,2065,403,2.0,376.27,Credit,14%
833,2025-05-04,1076,2087,401,3.0,796.6,Credit,16%
834,2025-05-04,1016,2043,403,2.0,2795.04,Debit,19%
835,2025-05-04,1070,2033,403,1.0,752.62,Credit,14%
836,2025-05-04,1038,2066,402,0.0,1032.12,Credit,20%
837,2025-05-04,1153,2051,403,1.0,316.76,Cash,20%
838,2025-05-04,1184,2003,404,2.0,1848.86,Credit,4%
839,2025-05-04,1066,2053,404,3.0,0,Credit,0%
840,2025-05-04,1188,2004,402,2.0,2967.2,Credit,5%
841,2025-05-04,1185,2091,402,3.0,3623.16,Cash,4%
842,2025-05-04,1171,2045,403,1.0,280.93,Debit,20%
843,2025-05-04,1168,2071,402,2.0,1968.51,Credit,18%
844,2025-05-04,1024,2060,402,2.0,326.7,Credit,1%
845,2025-05-04,1185,2071,402,2.0,984.26,Debit,8%
846,2025-05-04,1167,2011,402,2.0,327.79,Credit,6%
847,2025-05-04,1057,2095,403,3.0,2453.95,Cash,6%
848,2025-05-04,1084,2047,403,2.0,803.95,Credit,2%
849,2025-05-04,1118,2015,404,0.0,4049.82,Cash,18%
850,2025-05-04,1162,2074,401,3.0,659.5,Credit,1%
851,2025-05-04,1049,2064,401,3.0,882.12,Credit,18%
852,2025-05-04,1135,2038,404,0.0,926.51,Cash,12%
853,2025-05-04,1038,2017,402,2.0,741.92,Debit,10%
854,2025-05-04,1104,2072,404,1.0,1134.81,Credit,8%
855,2025-05-04,1080,2091,402,0.0,2717.37,Debit,7%
856,2025-05-04,1124,2042,402,2.0,0,Cash,0%
857,2025-05-04,1162,2007,401,3.0,583.39,Cash,8%
858,2025-05-04,1070,2026,402,1.0,190.4,Cash,8%
859,2025-05-04,1125,2097,401,1.0,3031.56,Cash,18%
860,2025-05-04,1157,2055,404,3.0,53.94,Cash,4%
861,2025-05-04,1109,2061,404,0.0,799.68,Debit,1%
862,2025-05-04,1009,2068,402,2.0,0,Credit,0%
863,2025-05-04,1003,2041,402,0.0,2412.63,Cash,1%
864,2025-05-04,1173,2000,402,1.0,872.38,Cash,15%
865,2025-05-04,1177,2044,403,1.0,373.64,Credit,10%
866,2025-05-04,1026,2049,403,1.0,3383.42,Credit,6%
867,2025-05-04,1016,2005,403,2.0,686.05,Credit,5%
868,2025-05-04,1116,2093,403,3.0,755.94,Debit,13%
869,2025-05-04,1175,2017,403,3.0,463.7,Cash,8%
870,2025-05-04,1091,2096,402,1.0,1209.92,Debit,10%
871,2025-05-04,1103,2002,402,1.0,779.4,Cash,13%
872,2025-05-04,1186,2016,402,0.0,646.04,Cash,10%
873,2025-05-04,1150,2064,402,0.0,294.04,Cash,1%
874,2025-05-04,1093,2091,401,3.0,2717.37,Debit,14%
875,2025-05-04,1163,2032,401,0.0,0,Cash,0%
876,2025-05-04,1169,2013,401,0.0,935.36,Credit,6%
877,2025-05-04,1176,2014,404,3.0,1231.5,Credit,17%
878,2025-05-04,1097,2015,403,3.0,2699.88,Debit,3%
879,2025-05-04,1179,2019,402,0.0,1867.86,Cash,15%
880,2025-05-04,1077,2053,401,2.0,976.24,Cash,9%
881,2025-05-04,1159,2077,402,3.0,561.83,Cash,12%
882,2025-05-04,1026,2065,401,2.0,1881.36,Credit,6%
883,2025-05-04,1029,2013,404,1.0,0,Debit,0%
884,2025-05-04,1155,2025,403,1.0,503.32,Cash,17%
885,2025-05-04,1091,2090,404,2.0,171.94,Debit,20%
886,2025-05-04,1041,2005,404,1.0,385.9,Debit,17%
887,2025-05-04,1176,2061,403,1.0,359.86,Cash,3%
888,2025-05-04,1000,2001,401,0.0,1649.4,Credit,5%
889,2025-05-04,1146,2085,404,1.0,653.81,Debit,8%
890,2025-05-04,1023,2099,401,0.0,1292.64,Credit,10%
891,2025-05-04,1065,2082,402,3.0,266.6,Debit,16%
892,2025-05-04,1075,2033,404,0.0,2508.75,Debit,17%
893,2025-05-04,1025,2022,401,2.0,1073.89,Cash,8%
894,2025-05-04,1092,2086,403,3.0,894.1,Cash,5%
895,2025-05-04,1189,2014,401,0.0,0,Debit,0%
896,2025-05-04,1002,2017,402,2.0,0,Cash,0%
897,2025-05-04,1091,2056,403,0.0,1049.44,Credit,20%
898,2025-05-04,1095,2043,402,0.0,0,Cash,0%
899,2025-05-04,1102,2051,404,2.0,93.86,Cash,8%
900,2025-05-04,1098,2088,404,3.0,0,Cash,0%
901,2025-05-04,1166,2021,401,1.0,0,Cash,0%
902,2025-05-04,1178,2092,401,1.0,867.98,Debit,4%
903,2025-05-04,1026,2053,404,3.0,1830.45,Debit,1%
904,2025-05-04,1046,2078,404,2.0,454.43,Cash,12%
905,2025-05-04,1156,2003,402,3.0,1925.9,Cash,12%
906,2025-05-04,1124,2014,404,3.0,0,Debit,0%
907,2025-05-04,1011,2008,403,2.0,106.54,Debit,13%
908,2025-05-04,1003,2090,402,2.0,57.31,Cash,11%
909,2025-05-04,1132,2066,401,3.0,1548.18,Cash,1%
910,2025-05-04,1169,2093,402,3.0,755.94,Credit,11%
911,2025-05-04,1088,2084,404,1.0,0,Credit,0%
912,2025-05-04,1142,2078,401,0.0,568.04,Cash,18%
913,2025-05-04,1164,2020,404,3.0,1879.15,Cash,7%
914,2025-05-04,1042,2009,404,2.0,53.05,Debit,15%
915,2025-05-04,1061,2042,403,0.0,167.61,Debit,1%
916,2025-05-04,1129,2028,404,3.0,2551.76,Debit,10%
917,2025-05-04,1060,2010,404,3.0,544.88,Credit,11%
918,2025-05-04,1146,2057,401,3.0,436.98,Debit,10%
919,2025-05-04,1114,2040,401,3.0,34.54,Cash,5%
920,2025-05-04,1190,2083,401,0.0,2304.48,Debit,3%
921,2025-05-04,1103,2052,401,0.0,2193.78,Cash,8%
922,2025-05-04,1023,2077,403,1.0,505.65,Debit,16%
923,2025-05-04,1167,2085,404,2.0,387.44,Debit,8%
924,2025-05-04,1093,2006,402,3.0,594,Credit,7%
925,2025-05-04,1084,2071,404,2.0,492.13,Debit,9%
926,2025-05-04,1183,2057,401,0.0,873.96,Debit,19%
927,2025-05-04,1194,2084,402,0.0,563.7,Credit,13%
928,2025-05-04,1087,2045,403,2.0,499.42,Debit,2%
929,2025-05-04,1179,2013,401,1.0,1683.65,Credit,3%
930,2025-05-04,1126,2017,404,0.0,927.4,Credit,13%
931,2025-05-04,1065,2078,402,1.0,127.81,Debit,7%
932,2025-05-04,1030,2050,402,3.0,186.78,Cash,17%
933,2025-05-04,1005,2024,403,0.0,621.35,Credit,8%
934,2025-05-04,1193,2053,401,0.0,1830.45,Cash,18%
935,2025-05-04,1197,2057,404,1.0,1179.85,Credit,7%
936,2025-05-04,1127,2000,401,3.0,969.31,Debit,10%
937,2025-05-04,1149,2061,402,1.0,359.86,Cash,11%
938,2025-05-04,1187,2016,401,3.0,2584.16,Credit,20%
939,2025-05-04,1168,2076,403,3.0,2418.21,Debit,3%
940,2025-05-04,1107,2077,402,2.0,898.93,Credit,7%
941,2025-05-04,1101,2043,403,3.0,3493.8,Cash,9%
942,2025-05-04,1034,2017,404,2.0,0,Cash,0%
943,2025-05-04,1179,2070,403,1.0,61.52,Cash,5%
944,2025-05-04,1051,2026,403,2.0,338.5,Cash,8%
945,2025-05-04,1172,2016,402,2.0,516.83,Cash,19%
946,2025-05-04,1181,2014,403,3.0,246.3,Credit,1%
947,2025-05-04,1149,2073,404,2.0,799.09,Cash,1%
948,2025-05-04,1108,2001,401,0.0,412.35,Cash,16%
949,2025-05-04,1097,2018,401,0.0,1084.52,Cash,11%
950,2025-05-04,1051,2034,402,2.0,217.87,Debit,12%
951,2025-05-04,1174,2032,402,0.0,4728,Debit,9%
952,2025-05-04,1176,2037,402,0.0,720.28,Credit,3%
953,2025-05-04,1091,2057,401,1.0,786.56,Credit,10%
954,2025-05-04,1190,2082,404,1.0,239.94,Credit,13%
955,2025-05-04,1130,2089,403,0.0,413.52,Cash,17%
956,2025-05-04,1097,2049,404,2.0,0,Cash,0%
957,2025-05-04,1141,2006,401,2.0,0,Debit,0%
958,2025-05-04,1051,2079,404,1.0,1710.97,Cash,17%
959,2025-05-04,1162,2090,403,1.0,257.9,Credit,11%
960,2025-05-04,1198,2092,402,2.0,771.54,Cash,13%
961,2025-05-04,1114,2022,401,1.0,3020.31,Debit,12%
962,2025-05-04,1044,2094,401,3.0,493.35,Credit,6%
963,2025-05-04,1010,2054,403,2.0,720.41,Credit,12%
964,2025-05-04,1033,2020,403,0.0,751.66,Debit,3%
965,2025-05-04,1084,2059,402,0.0,0,Debit,0%
966,2025-05-04,1039,2041,401,2.0,0,Debit,0%
967,2025-05-04,1125,2073,403,0.0,1997.72,Credit,20%
968,2025-05-04,1005,2090,403,1.0,193.43,Cash,20%
969,2025-05-04,1047,2066,401,1.0,464.45,Credit,20%
970,2025-05-04,1106,2069,404,0.0,464.78,Cash,1%
971,2025-05-04,1089,2028,402,2.0,0,Cash,0%
972,2025-05-04,1084,2046,403,1.0,0,Debit,0%
973,2025-05-04,1192,2079,404,0.0,950.54,Cash,17%
974,2025-05-04,1029,2085,403,3.0,726.45,Debit,11%
975,2025-05-04,1061,2082,402,0.0,533.2,Debit,3%
976,2025-05-04,1174,2041,404,0.0,804.21,Cash,5%
977,2025-05-04,1098,2032,403,0.0,0,Cash,0%
978,2025-05-04,1132,2098,403,3.0,3631.44,Credit,14%
979,2025-05-04,1124,2005,403,1.0,1157.71,Credit,13%
980,2025-05-04,1082,2065,401,0.0,1411.02,Debit,10%
981,2025-05-04,1042,2098,401,0.0,4539.3,Cash,11%
982,2025-05-04,1053,2085,402,3.0,726.45,Credit,7%
983,2025-05-04,1026,2026,404,0.0,423.12,Debit,3%
984,2025-05-04,1191,2087,402,0.0,477.96,Cash,20%
985,2025-05-04,1117,2091,403,0.0,1811.58,Credit,17%
986,2025-05-04,1022,2009,401,1.0,119.36,Debit,7%
987,2025-05-04,1064,2071,401,1.0,1107.29,Debit,2%
988,2025-05-04,1066,2052,404,3.0,5118.82,Debit,1%
989,2025-05-04,1161,2051,404,2.0,375.42,Credit,11%
990,2025-05-04,1004,2049,401,0.0,939.84,Debit,5%
991,2025-05-04,1164,2092,401,0.0,2893.26,Cash,3%
992,2025-05-04,1179,2009,403,0.0,66.31,Cash,6%
993,2025-05-04,1074,2087,403,0.0,477.96,Credit,20%
994,2025-05-04,1072,2097,404,3.0,842.1,Debit,17%
995,2025-05-04,1101,2084,401,3.0,1127.4,Credit,5%
996,2025-05-04,1040,2068,402,1.0,2952.86,Debit,8%
997,2025-05-04,1191,2050,403,1.0,504.31,Cash,2%
998,2025-05-04,1076,2086,403,0.0,2682.3,Credit,3%
999,2025-05-04,1141,2071,402,0.0,1230.32,Cash,12%
1000,2025-05-04,1010,2000,404,0.0,3877.24,Debit,19%
1001,2025-05-04,1078,2026,403,1.0,761.62,Debit,17%
1002,2025-05-04,1105,2082,402,1.0,239.94,Debit,7%
1003,2025-05-04,1047,2028,403,1.0,1148.29,Cash,4%
1004,2025-05-04,1029,2023,401,3.0,2818.62,Cash,2%
1005,2025-05-04,1165,2070,401,2.0,54.69,Cash,6%
1006,2025-05-04,1171,2008,403,0.0,133.18,Credit,16%
1007,2025-05-04,1050,2092,404,2.0,771.54,Credit,13%
1008,2025-05-04,1091,2016,402,0.0,1292.08,Debit,3%
1009,2025-05-04,1072,2079,401,1.0,855.49,Cash,4%
1010,2025-05-04,1081,2062,404,2.0,495.49,Cash,9%
1011,2025-05-04,1157,2084,403,1.0,253.67,Cash,16%
1012,2025-05-04,1144,2072,403,2.0,672.48,Credit,6%
1013,2025-05-04,1109,2021,401,2.0,668.33,Cash,2%
1014,2025-05-04,1063,2028,404,2.0,510.35,Cash,2%
1015,2025-05-04,1092,2017,403,3.0,1854.8,Cash,3%
1016,2025-05-04,1118,2057,403,2.0,699.17,Cash,9%
1017,2025-05-04,1124,2070,401,1.0,30.76,Cash,4%
1018,2025-05-04,1165,2077,401,2.0,449.46,Debit,3%
1019,2025-05-04,1035,2068,402,2.0,1968.58,Cash,2%
1020,2025-05-04,1187,2080,401,0.0,0,Credit,0%
1021,2025-05-04,1004,2064,401,3.0,882.12,Debit,13%
1022,2025-05-04,1196,2075,402,0.0,2341.92,Credit,5%
1023,2025-05-04,1141,2033,404,1.0,0,Debit,0%
1024,2025-05-04,1093,2050,402,2.0,448.27,Debit,16%
1025,2025-05-04,1034,2059,401,3.0,1536.15,Debit,9%
1026,2025-05-04,1093,2064,401,1.0,793.91,Credit,17%
1027,2025-05-04,1157,2087,402,1.0,286.78,Cash,13%
1028,2025-05-04,1114,2020,402,1.0,676.49,Debit,9%
1029,2025-05-04,1188,2093,404,2.0,1814.26,Cash,19%
1030,2025-05-04,1010,2028,404,1.0,1148.29,Cash,7%
1031,2025-05-04,1016,2033,403,1.0,2257.88,Cash,15%
1032,2025-05-04,1010,2085,402,2.0,387.44,Cash,2%
1033,2025-05-04,1099,2060,404,0.0,0,Debit,0%
1034,2025-05-04,1010,2083,403,0.0,768.16,Credit,8%
1035,2025-05-04,1180,2066,403,2.0,1238.54,Debit,15%
1036,2025-05-04,1148,2069,402,3.0,697.17,Cash,16%
1037,2025-05-04,1167,2048,403,0.0,1072.89,Cash,11%
1038,2025-05-04,1132,2032,404,1.0,851.04,Cash,7%
1039,2025-05-04,1132,2051,403,2.0,187.71,Credit,19%
1040,2025-05-04,1124,2061,401,1.0,0,Debit,0%
1041,2025-05-04,1112,2021,402,0.0,835.41,Cash,5%
1042,2025-05-04,1131,2082,403,1.0,239.94,Cash,15%
1043,2025-05-04,1038,2023,402,2.0,0,Credit,0%
1044,2025-05-04,1154,2091,401,1.0,3260.84,Credit,15%
1045,2025-05-04,1106,2042,401,3.0,1173.27,Credit,7%
1046,2025-05-04,1172,2061,404,1.0,719.71,Debit,13%
1047,2025-05-04,1151,2020,404,0.0,1127.49,Debit,12%
1048,2025-05-04,1062,2005,402,1.0,385.9,Credit,5%
1049,2025-05-04,1034,2080,401,1.0,2996.14,Debit,11%
1050,2025-05-04,1014,2021,403,1.0,1503.74,Debit,14%
1051,2025-05-04,1132,2051,401,2.0,281.57,Debit,11%
1052,2025-05-04,1021,2027,404,3.0,775.83,Cash,10%
1053,2025-05-04,1123,2021,402,3.0,0,Debit,0%
1054,2025-05-04,1153,2018,402,2.0,867.62,Cash,20%
1055,2025-05-04,1042,2092,403,3.0,1446.63,Cash,18%
1056,2025-05-04,1152,2075,401,1.0,2107.73,Credit,16%
1057,2025-05-04,1096,2049,402,0.0,939.84,Credit,5%
1058,2025-05-04,1004,2025,404,1.0,0,Credit,0%
1059,2025-05-04,1155,2012,402,3.0,623.19,Credit,1%
1060,2025-05-04,1157,2076,401,0.0,2418.21,Cash,6%
1061,2025-05-04,1023,2061,402,0.0,199.92,Cash,3%
1062,2025-05-04,1198,2086,404,3.0,894.1,Debit,17%
1063,2025-05-04,1094,2005,404,1.0,771.8,Credit,16%
1064,2025-05-04,1123,2098,404,2.0,3631.44,Cash,2%
1065,2025-05-04,1150,2094,401,3.0,2466.75,Credit,14%
1066,2025-05-04,1034,2032,404,1.0,1702.08,Cash,15%
1067,2025-05-04,1021,2036,404,2.0,348.77,Cash,1%
1068,2025-05-04,1048,2000,401,0.0,4846.55,Cash,15%
1069,2025-05-04,1133,2000,404,1.0,872.38,Debit,19%
1070,2025-05-04,1176,2040,404,2.0,55.26,Debit,15%
1071,2025-05-04,1027,2019,404,2.0,747.14,Debit,17%
1072,2025-05-04,1066,2068,404,2.0,1968.58,Debit,20%
1073,2025-05-04,1156,2035,404,1.0,0,Debit,0%
1074,2025-05-04,1105,2070,404,1.0,0,Debit,0%
1075,2025-05-04,1094,2071,404,2.0,984.26,Credit,4%
1076,2025-05-04,1078,2073,403,3.0,499.43,Cash,5%
1077,2025-05-04,1188,2017,401,1.0,417.33,Credit,5%
1078,2025-05-04,1114,2089,402,0.0,827.04,Credit,12%
1079,2025-05-04,1054,2065,404,2.0,376.27,Cash,9%
1080,2025-05-04,1140,2078,401,1.0,255.62,Debit,4%
1081,2025-05-04,1099,2081,401,0.0,1492.44,Debit,17%
1082,2025-05-04,1037,2060,404,0.0,1225.14,Debit,7%
1083,2025-05-04,1016,2033,402,2.0,2007,Debit,10%
1084,2025-05-04,1020,2077,401,3.0,561.83,Credit,2%
1085,2025-05-04,1102,2078,403,0.0,142.01,Debit,17%
1086,2025-05-04,1198,2022,404,3.0,671.18,Credit,1%
1087,2025-05-04,1002,2025,403,1.0,503.32,Credit,17%
1088,2025-05-04,1008,2076,402,1.0,1450.93,Debit,10%
1089,2025-05-04,1172,2004,403,1.0,834.52,Debit,7%
1090,2025-05-04,1167,2000,402,0.0,969.31,Cash,11%
1091,2025-05-04,1070,2099,404,2.0,1551.17,Cash,18%
1092,2025-05-04,1171,2050,404,1.0,168.1,Cash,3%
1093,2025-05-04,1132,2001,401,0.0,2061.75,Debit,17%
1094,2025-05-04,1140,2036,403,2.0,348.77,Debit,14%
1095,2025-05-04,1070,2028,402,3.0,2551.76,Debit,15%
1096,2025-05-04,1103,2073,401,2.0,0,Cash,0%
1097,2025-05-04,1044,2052,401,0.0,2193.78,Debit,19%
1098,2025-05-04,1128,2037,403,0.0,0,Credit,0%
1099,2025-05-04,1131,2032,403,3.0,4728,Debit,14%
1100,2025-05-04,1096,2072,404,1.0,378.27,Debit,13%
1101,2025-05-04,1193,2043,404,3.0,2620.35,Credit,9%
1102,2025-05-04,1150,2003,404,0.0,1155.54,Credit,14%
1103,2025-05-04,1066,2008,404,1.0,59.93,Credit,10%
1104,2025-05-04,1173,2089,402,2.0,0,Credit,0%
1105,2025-05-04,1105,2045,401,2.0,499.42,Cash,3%
1106,2025-05-04,1063,2036,401,3.0,653.94,Credit,4%
1107,2025-05-04,1172,2095,403,0.0,981.58,Debit,12%
1108,2025-05-04,1141,2022,404,2.0,0,Debit,0%
1109,2025-05-04,1090,2027,403,1.0,698.25,Credit,12%
1110,2025-05-04,1191,2087,402,3.0,955.92,Credit,16%
1111,2025-05-04,1188,2025,402,1.0,251.66,Cash,11%
1112,2025-05-04,1067,2026,402,1.0,380.81,Cash,14%
1113,2025-05-04,1063,2079,403,1.0,1710.97,Cash,11%
1114,2025-05-04,1199,2013,401,0.0,5612.16,Cash,17%
1115,2025-05-04,1173,2084,404,0.0,281.85,Debit,7%
1116,2025-05-04,1195,2069,401,3.0,697.17,Credit,9%
1117,2025-05-04,1095,2079,403,3.0,950.54,Debit,4%
1118,2025-05-04,1147,2035,404,1.0,809.99,Credit,5%
1119,2025-05-04,1195,2065,403,3.0,1411.02,Credit,19%
1120,2025-05-04,1056,2096,402,0.0,0,Debit,0%
1121,2025-05-04,1134,2054,404,0.0,3602.04,Credit,14%
1122,2025-05-04,1128,2044,404,1.0,373.64,Credit,19%
1123,2025-05-04,1117,2015,404,2.0,1619.93,Cash,11%
1124,2025-05-04,1176,2001,401,1.0,371.12,Debit,10%
1125,2025-05-04,1097,2074,401,2.0,527.6,Cash,15%
1126,2025-05-04,1092,2078,403,1.0,383.43,Credit,6%
1127,2025-05-04,1140,2033,402,2.0,1338,Cash,19%
1128,2025-05-04,1120,2078,403,2.0,227.22,Credit,14%
1129,2025-05-04,1047,2063,404,1.0,0,Cash,0%
1130,2025-05-04,1107,2089,403,2.0,330.82,Debit,4%
1131,2025-05-04,1102,2035,404,1.0,1619.98,Cash,5%
1132,2025-05-04,1146,2016,402,0.0,0,Credit,0%
1133,2025-05-04,1184,2034,402,3.0,680.85,Debit,5%
1134,2025-05-04,1097,2025,402,1.0,1258.29,Debit,5%
1135,2025-05-04,1121,2001,402,3.0,0,Cash,0%
1136,2025-05-04,1127,2017,403,3.0,0,Credit,0%
1137,2025-05-04,1076,2032,401,3.0,6619.2,Cash,14%
1138,2025-05-04,1025,2088,402,0.0,0,Credit,0%
1139,2025-05-04,1055,2032,404,0.0,945.6,Cash,3%
1140,2025-05-04,1115,2095,403,2.0,0,Cash,0%
1141,2025-05-04,1092,2046,403,2.0,80.23,Debit,4%
1142,2025-05-04,1005,2052,401,2.0,1170.02,Cash,15%
1143,2025-05-04,1173,2077,402,1.0,1516.94,Credit,9%
1144,2025-05-04,1199,2036,403,2.0,871.92,Cash,10%
1145,2025-05-04,1172,2065,404,3.0,2822.04,Cash,19%
1146,2025-05-04,1020,2048,403,3.0,1072.89,Cash,2%
1147,2025-05-04,1161,2018,402,2.0,1301.42,Credit,11%
1148,2025-05-04,1107,2080,404,0.0,4993.56,Cash,16%
1149,2025-05-04,1020,2020,403,1.0,1014.74,Cash,17%
1150,2025-05-04,1080,2040,403,2.0,55.26,Debit,11%
1151,2025-05-04,1154,2082,404,2.0,639.84,Cash,9%
1152,2025-05-04,1113,2099,403,3.0,646.32,Cash,2%
1153,2025-05-04,1105,2021,402,0.0,835.41,Credit,12%
1154,2025-05-04,1032,2093,402,2.0,2419.01,Credit,1%
1155,2025-05-04,1190,2089,401,1.0,0,Cash,0%
1156,2025-05-04,1042,2050,401,0.0,1120.68,Debit,13%
1157,2025-05-04,1016,2060,401,0.0,816.76,Debit,16%
1158,2025-05-04,1197,2050,401,0.0,560.34,Credit,18%
1159,2025-05-04,1067,2079,402,0.0,1901.08,Cash,3%
1160,2025-05-04,1167,2049,403,1.0,0,Debit,0%
1161,2025-05-04,1063,2094,403,3.0,493.35,Cash,1%
1162,2025-05-04,1160,2016,402,1.0,1162.87,Cash,15%
1163,2025-05-04,1007,2004,403,2.0,2225.4,Cash,11%
1164,2025-05-04,1121,2059,403,3.0,2048.2,Credit,18%
1165,2025-05-04,1034,2089,402,3.0,2481.12,Credit,11%
1166,2025-05-04,1161,2095,404,2.0,392.63,Cash,6%
1167,2025-05-04,1088,2061,402,0.0,799.68,Debit,9%
1168,2025-05-04,1113,2039,403,3.0,976.44,Debit,4%
1169,2025-05-04,1066,2019,403,0.0,933.93,Debit,7%
1170,2025-05-04,1000,2066,402,2.0,412.85,Cash,16%
1171,2025-05-04,1073,2060,401,3.0,0,Credit,0%
1172,2025-05-04,1193,2061,403,0.0,199.92,Debit,3%
1173,2025-05-04,1196,2055,403,1.0,194.18,Cash,19%
1174,2025-05-04,1001,2070,403,1.0,61.52,Cash,20%
1175,2025-05-04,1105,2071,404,3.0,615.16,Debit,8%
1176,2025-05-04,1063,2020,404,3.0,375.83,Credit,15%
1177,2025-05-04,1056,2033,401,3.0,836.25,Cash,2%
1178,2025-05-04,1160,2030,403,2.0,271.95,Debit,1%
1179,2025-05-04,1166,2095,403,3.0,1472.37,Cash,5%
1180,2025-05-04,1048,2008,402,1.0,0,Debit,0%
1181,2025-05-04,1074,2014,404,3.0,738.9,Credit,5%
1182,2025-05-04,1069,2089,404,1.0,372.17,Debit,4%
1183,2025-05-04,1082,2002,402,0.0,1732,Credit,17%
1184,2025-05-04,1136,2002,402,0.0,1732,Debit,11%
1185,2025-05-04,1072,2034,402,3.0,0,Debit,0%
1186,2025-05-04,1186,2001,402,0.0,824.7,Cash,12%
1187,2025-05-04,1038,2001,404,1.0,0,Credit,0%
1188,2025-05-04,1087,2053,403,3.0,2440.6,Credit,9%
1189,2025-05-04,1095,2059,401,2.0,1638.56,Debit,4%
1190,2025-05-04,1020,2096,402,0.0,2688.72,Credit,8%
1191,2025-05-04,1068,2099,404,0.0,1938.96,Credit,4%
1192,2025-05-04,1139,2060,402,1.0,1102.63,Credit,17%
1193,2025-05-04,1064,2048,401,0.0,715.26,Cash,9%
1194,2025-05-04,1196,2091,402,3.0,0,Cash,0%
1195,2025-05-04,1197,2056,402,0.0,1049.44,Cash,17%
1196,2025-05-04,1050,2058,401,1.0,1800.22,Debit,8%
1197,2025-05-04,1121,2049,403,2.0,751.87,Debit,9%
1198,2025-05-04,1040,2080,401,0.0,1664.52,Debit,5%
1199,2025-05-04,1064,2061,403,1.0,179.93,Debit,10%
1200,2025-05-04,1092,2006,402,0.0,198,Debit,10%
1201,2025-05-04,1060,2081,404,2.0,1193.95,Debit,13%
1202,2025-05-04,1003,2021,403,0.0,2506.23,Debit,3%
1203,2025-05-04,1101,2031,401,0.0,1130.6,Cash,17%
1204,2025-05-04,1148,2088,404,1.0,0,Debit,0%
1205,2025-05-04,1095,2098,401,1.0,2451.22,Debit,13%
1206,2025-05-04,1040,2063,401,2.0,883.94,Credit,4%
1207,2025-05-04,1194,2080,401,0.0,1664.52,Debit,11%
1208,2025-05-04,1091,2082,402,0.0,0,Credit,0%
1209,2025-05-04,1032,2062,402,2.0,1981.95,Debit,16%
1210,2025-05-04,1142,2082,403,3.0,799.8,Cash,2%
1211,2025-05-04,1187,2024,401,3.0,372.81,Cash,20%
1212,2025-05-04,1091,2092,402,2.0,385.77,Credit,13%
1213,2025-05-04,1010,2062,404,2.0,990.98,Debit,16%
1214,2025-05-04,1138,2089,404,1.0,744.34,Cash,12%
1215,2025-05-04,1145,2023,403,2.0,1503.26,Debit,14%
1216,2025-05-04,1187,2059,403,1.0,1843.38,Credit,2%
1217,2025-05-04,1017,2067,402,3.0,0,Credit,0%
1218,2025-05-04,1075,2033,403,3.0,836.25,Credit,2%
1219,2025-05-04,1000,2099,404,1.0,2326.75,Cash,10%
1220,2025-05-04,1004,2079,403,1.0,0,Debit,0%
1221,2025-05-04,1082,2092,401,3.0,0,Debit,0%
1222,2025-05-04,1048,2067,404,1.0,785.56,Credit,3%
1223,2025-05-04,1156,2036,403,3.0,0,Cash,0%
1224,2025-05-04,1164,2041,401,0.0,804.21,Cash,10%
1225,2025-05-04,1133,2084,401,0.0,0,Cash,0%
1226,2025-05-04,1033,2022,401,1.0,604.06,Cash,8%
1227,2025-05-04,1027,2062,402,0.0,1238.72,Cash,12%
1228,2025-05-04,1008,2073,404,3.0,1498.29,Cash,7%
1229,2025-05-04,1134,2079,403,0.0,950.54,Credit,17%
1230,2025-05-04,1093,2028,401,0.0,1275.88,Debit,1%
1231,2025-05-04,1053,2083,404,0.0,2304.48,Credit,20%
1232,2025-05-04,1119,2081,401,2.0,0,Credit,0%
1233,2025-05-04,1142,2095,404,2.0,1177.9,Cash,13%
1234,2025-05-04,1181,2007,403,0.0,583.39,Credit,20%
1235,2025-05-04,1187,2009,403,0.0,265.24,Cash,7%
1236,2025-05-04,1055,2066,401,0.0,2580.3,Cash,1%
1237,2025-05-04,1185,2029,404,1.0,12.16,Cash,9%
1238,2025-05-04,1049,2067,402,1.0,261.86,Debit,18%
1239,2025-05-04,1142,2095,404,0.0,1963.16,Credit,18%
1240,2025-05-04,1196,2081,403,3.0,746.22,Debit,3%
1241,2025-05-04,1179,2085,404,0.0,242.15,Credit,20%
1242,2025-05-04,1042,2023,404,2.0,2254.9,Credit,11%
1243,2025-05-04,1168,2020,404,2.0,601.33,Cash,7%
1244,2025-05-04,1080,2070,403,2.0,0,Credit,0%
1245,2025-05-04,1105,2097,404,2.0,673.68,Debit,11%
1246,2025-05-04,1155,2030,402,3.0,509.91,Credit,8%
1247,2025-05-04,1196,2070,403,2.0,27.34,Debit,1%
1248,2025-05-04,1115,2057,404,0.0,1747.92,Debit,14%
1249,2025-05-04,1185,2004,403,0.0,2781.75,Cash,2%
1250,2025-05-04,1132,2017,403,0.0,0,Credit,0%
1251,2025-05-04,1076,2028,402,2.0,1020.7,Debit,12%
1252,2025-05-04,1005,2098,403,1.0,3268.3,Cash,13%
1253,2025-05-04,1024,2004,404,2.0,1483.6,Cash,18%
1254,2025-05-04,1039,2017,403,2.0,370.96,Debit,2%
1255,2025-05-04,1149,2031,402,2.0,904.48,Credit,13%
1256,2025-05-04,1076,2011,404,1.0,737.53,Cash,2%
1257,2025-05-04,1187,2009,403,3.0,198.93,Cash,17%
1258,2025-05-04,1044,2062,401,2.0,495.49,Cash,11%
1259,2025-05-04,1009,2093,404,0.0,0,Debit,0%
1260,2025-05-04,1199,2007,403,2.0,1400.14,Cash,9%
1261,2025-05-04,1111,2053,401,1.0,3294.81,Cash,3%
1262,2025-05-04,1191,2083,401,3.0,768.16,Credit,2%
1263,2025-05-04,1013,2039,401,2.0,1562.3,Credit,4%
1264,2025-05-04,1138,2072,402,2.0,672.48,Debit,20%
1265,2025-05-04,1128,2089,402,1.0,744.34,Credit,14%
1266,2025-05-04,1012,2086,404,3.0,2682.3,Cash,16%
1267,2025-05-04,1192,2076,401,1.0,1450.93,Credit,16%
1268,2025-05-04,1110,2037,404,1.0,324.13,Cash,9%
1269,2025-05-04,1033,2043,401,3.0,4367.25,Cash,7%
1270,2025-05-04,1146,2095,401,3.0,1963.16,Cash,11%
1271,2025-05-04,1067,2010,404,3.0,0,Credit,0%
1272,2025-05-04,1198,2089,402,1.0,744.34,Cash,12%
1273,2025-05-04,1123,2071,402,3.0,1845.48,Cash,11%
1274,2025-05-04,1101,2083,402,1.0,2074.03,Debit,15%
1275,2025-05-04,1062,2009,403,3.0,66.31,Debit,6%
1276,2025-05-04,1082,2087,401,0.0,318.64,Credit,17%
1277,2025-05-04,1171,2052,404,2.0,0,Debit,0%
1278,2025-05-04,1089,2024,403,2.0,298.25,Debit,14%
1279,2025-05-04,1152,2083,401,2.0,1843.58,Credit,13%
1280,2025-05-04,1043,2044,404,1.0,373.64,Debit,10%
1281,2025-05-04,1112,2005,402,1.0,0,Credit,0%
1282,2025-05-04,1175,2047,402,0.0,1004.94,Debit,14%
1283,2025-05-04,1028,2094,401,1.0,888.03,Credit,9%
1284,2025-05-04,1158,2018,403,0.0,2169.04,Debit,19%
1285,2025-05-04,1087,2088,401,2.0,567.48,Cash,2%
1286,2025-05-04,1115,2060,401,2.0,980.11,Credit,5%
1287,2025-05-04,1053,2094,402,1.0,888.03,Debit,3%
1288,2025-05-04,1139,2066,403,3.0,2580.3,Cash,9%
1289,2025-05-04,1159,2093,402,0.0,0,Credit,0%
1290,2025-05-04,1096,2074,401,2.0,1055.2,Credit,15%
1291,2025-05-04,1043,2007,403,1.0,525.05,Debit,16%
1292,2025-05-04,1178,2079,403,0.0,950.54,Credit,11%
1293,2025-05-04,1119,2083,401,0.0,768.16,Debit,20%
1294,2025-05-04,1099,2084,403,2.0,0,Cash,0%
1295,2025-05-04,1027,2002,403,3.0,866,Debit,7%
1296,2025-05-04,1059,2048,401,2.0,572.21,Credit,15%
1297,2025-05-04,1124,2076,401,1.0,2176.39,Cash,7%
1298,2025-05-04,1050,2064,404,0.0,1470.2,Cash,5%
1299,2025-05-04,1010,2031,403,2.0,1356.72,Cash,12%
1300,2025-05-04,1125,2050,402,0.0,373.56,Credit,13%
1301,2025-05-04,1088,2087,403,2.0,509.82,Debit,17%
1302,2025-05-04,1160,2038,402,2.0,2223.62,Credit,3%
1303,2025-05-04,1015,2080,403,3.0,2496.78,Debit,15%
1304,2025-05-04,1007,2071,403,1.0,553.64,Debit,5%
1305,2025-05-04,1038,2043,404,1.0,786.1,Credit,4%
1306,2025-05-04,1022,2093,404,1.0,2721.38,Debit,14%
1307,2025-05-04,1106,2030,402,3.0,1019.82,Cash,3%
1308,2025-05-04,1079,2077,403,3.0,561.83,Debit,1%
1309,2025-05-04,1138,2016,402,1.0,872.15,Debit,5%
1310,2025-05-04,1148,2069,402,1.0,418.3,Debit,17%
1311,2025-05-04,1079,2088,402,3.0,709.35,Credit,16%
1312,2025-05-04,1197,2018,402,2.0,867.62,Debit,11%
1313,2025-05-04,1017,2071,401,1.0,553.64,Debit,16%
1314,2025-05-04,1081,2018,401,2.0,867.62,Credit,2%
1315,2025-05-04,1105,2052,403,3.0,731.26,Debit,1%
1316,2025-05-04,1190,2081,403,1.0,0,Credit,0%
1317,2025-05-04,1199,2024,401,1.0,223.69,Cash,1%
1318,2025-05-04,1047,2003,403,1.0,346.66,Credit,12%
1319,2025-05-04,1152,2029,402,0.0,27.02,Credit,8%
1320,2025-05-04,1091,2010,404,1.0,210.17,Cash,10%
1321,2025-05-04,1128,2077,404,2.0,0,Credit,0%
1322,2025-05-04,1047,2049,404,3.0,0,Credit,0%
1323,2025-05-04,1035,2020,402,1.0,676.49,Debit,19%
1324,2025-05-04,1008,2052,401,2.0,585.01,Credit,7%
1325,2025-05-04,1105,2028,402,1.0,1148.29,Debit,10%
1326,2025-05-04,1016,2022,404,3.0,2684.72,Credit,11%
1327,2025-05-04,1176,2041,404,1.0,1447.58,Cash,3%
1328,2025-05-04,1109,2051,401,3.0,469.28,Debit,9%
1329,2025-05-04,1184,2040,404,0.0,103.62,Credit,1%
1330,2025-05-04,1133,2013,404,3.0,3741.44,Credit,10%
1331,2025-05-04,1010,2031,404,0.0,1130.6,Debit,6%
1332,2025-05-04,1142,2049,401,1.0,0,Debit,0%
1333,2025-05-04,1074,2056,404,2.0,839.55,Credit,17%
1334,2025-05-04,1198,2036,404,1.0,392.36,Debit,12%
1335,2025-05-04,1108,2037,401,1.0,648.25,Credit,7%
1336,2025-05-04,1118,2082,404,0.0,799.8,Credit,8%
1337,2025-05-04,1184,2064,401,1.0,264.64,Credit,10%
1338,2025-05-04,1199,2074,402,3.0,1978.5,Debit,3%
1339,2025-05-04,1105,2041,404,0.0,0,Cash,0%
1340,2025-05-04,1045,2058,402,3.0,0,Debit,0%
1341,2025-05-04,1023,2032,403,1.0,1702.08,Credit,18%
1342,2025-05-04,1183,2093,401,0.0,2267.82,Credit,13%
1343,2025-05-04,1029,2090,404,2.0,57.31,Cash,11%
1344,2025-05-04,1021,2067,404,1.0,261.86,Debit,6%
1345,2025-05-04,1096,2070,404,0.0,136.72,Cash,17%
1346,2025-05-04,1196,2021,403,1.0,751.87,Cash,20%
1347,2025-05-04,1041,2018,402,0.0,1084.52,Debit,4%
1348,2025-05-04,1107,2039,403,3.0,0,Cash,0%
1349,2025-05-04,1073,2080,402,0.0,3329.04,Debit,20%
1350,2025-05-04,1033,2025,401,2.0,671.09,Cash,3%
1351,2025-05-04,1003,2058,404,3.0,2000.25,Debit,19%
1352,2025-05-04,1139,2000,404,1.0,1744.76,Cash,16%
1353,2025-05-04,1055,2075,404,3.0,3122.56,Debit,14%
1354,2025-05-04,1104,2056,401,0.0,1574.16,Debit,13%
1355,2025-05-04,1062,2070,403,1.0,30.76,Credit,7%
1356,2025-05-04,1012,2023,402,0.0,2818.62,Debit,8%
1357,2025-05-04,1167,2044,401,1.0,560.47,Debit,5%
1358,2025-05-04,1008,2085,403,2.0,0,Cash,0%
1359,2025-05-04,1022,2006,401,3.0,990,Credit,12%
1360,2025-05-04,1045,2020,403,1.0,1352.99,Debit,18%
1361,2025-05-04,1116,2095,403,0.0,981.58,Credit,1%
1362,2025-05-04,1023,2098,403,2.0,1452.58,Credit,8%
1363,2025-05-04,1094,2048,401,3.0,1072.89,Credit,10%
1364,2025-05-04,1140,2008,403,3.0,0,Credit,0%
1365,2025-05-04,1034,2015,403,2.0,1079.95,Cash,7%
1366,2025-05-04,1134,2052,402,1.0,1316.27,Debit,11%
1367,2025-05-04,1156,2007,401,0.0,1750.17,Debit,7%
1368,2025-05-04,1123,2092,403,3.0,0,Credit,0%
1369,2025-05-04,1155,2040,403,2.0,27.63,Credit,10%
1370,2025-05-04,1033,2078,404,3.0,568.04,Debit,16%
1371,2025-05-04,1126,2023,402,2.0,2254.9,Credit,11%
1372,2025-05-04,1049,2000,401,0.0,3877.24,Credit,15%
1373,2025-05-04,1119,2080,401,1.0,0,Debit,0%
1374,2025-05-04,1157,2053,404,0.0,1830.45,Cash,15%
1375,2025-05-04,1085,2044,402,0.0,207.58,Debit,3%
1376,2025-05-04,1163,2025,403,2.0,447.39,Cash,14%
1377,2025-05-04,1017,2039,403,2.0,3905.76,Cash,13%
1378,2025-05-04,1196,2000,401,2.0,0,Cash,0%
1379,2025-05-04,1087,2050,401,1.0,168.1,Credit,19%
1380,2025-05-04,1049,2042,403,3.0,670.44,Debit,19%
1381,2025-05-04,1121,2004,402,3.0,3709,Credit,13%
1382,2025-05-04,1039,2080,404,2.0,665.81,Debit,16%
1383,2025-05-04,1118,2052,401,2.0,0,Debit,0%
1384,2025-05-04,1144,2092,403,0.0,1446.63,Debit,1%
1385,2025-05-04,1053,2073,403,2.0,1198.63,Credit,5%
1386,2025-05-04,1016,2019,403,0.0,0,Cash,0%
1387,2025-05-04,1086,2048,402,3.0,1072.89,Credit,17%
1388,2025-05-04,1047,2076,401,2.0,0,Debit,0%
1389,2025-05-04,1180,2040,401,2.0,110.53,Credit,9%
1390,2025-05-04,1105,2011,404,1.0,0,Cash,0%
1391,2025-05-04,1095,2057,403,1.0,786.56,Credit,7%
1392,2025-05-04,1134,2038,402,0.0,926.51,Credit,6%
1393,2025-05-04,1095,2004,402,0.0,0,Cash,0%
1394,2025-05-04,1113,2064,401,3.0,294.04,Credit,10%
1395,2025-05-04,1128,2019,402,2.0,1494.29,Cash,16%
1396,2025-05-04,1123,2093,403,2.0,3023.76,Credit,1%
1397,2025-05-04,1036,2098,401,1.0,817.07,Debit,9%
1398,2025-05-04,1052,2092,401,3.0,1928.84,Credit,13%
1399,2025-05-04,1099,2091,401,0.0,905.79,Cash,10%
1400,2025-05-04,1079,2005,401,2.0,1715.12,Credit,12%
1401,2025-05-04,1119,2005,401,2.0,686.05,Credit,11%
1402,2025-05-04,1005,2073,403,1.0,0,Cash,0%
1403,2025-05-04,1082,2025,402,2.0,223.7,Credit,18%
1404,2025-05-04,1070,2068,403,3.0,2460.72,Debit,12%
1405,2025-05-04,1171,2015,403,1.0,0,Debit,0%
1406,2025-05-04,1040,2035,401,0.0,899.99,Credit,10%
1407,2025-05-04,1159,2071,401,1.0,1660.93,Credit,10%
1408,2025-05-04,1138,2044,403,2.0,0,Cash,0%
1409,2025-05-04,1036,2090,403,1.0,0,Cash,0%
1410,2025-05-04,1043,2009,403,2.0,106.1,Debit,18%
1411,2025-05-04,1138,2056,401,1.0,944.5,Debit,4%
1412,2025-05-04,1007,2060,401,0.0,816.76,Debit,13%
1413,2025-05-04,1098,2006,401,3.0,990,Credit,12%
1414,2025-05-04,1100,2022,404,2.0,1610.83,Debit,19%
1415,2025-05-04,1079,2042,402,0.0,167.61,Credit,1%
1416,2025-05-04,1193,2097,404,1.0,2273.67,Credit,1%
1417,2025-05-04,1023,2089,404,0.0,413.52,Debit,3%
1418,2025-05-04,1116,2039,404,3.0,3905.76,Cash,13%
1419,2025-05-04,1059,2028,402,2.0,1531.06,Debit,5%
1420,2025-05-04,1093,2050,402,2.0,298.85,Cash,2%
1421,2025-05-04,1083,2058,404,0.0,2000.25,Cash,14%
1422,2025-05-04,1016,2060,401,2.0,653.41,Credit,8%
1423,2025-05-04,1122,2059,402,2.0,1228.92,Credit,4%
1424,2025-05-04,1196,2044,402,0.0,207.58,Cash,10%
1425,2025-05-04,1103,2091,401,2.0,2173.9,Cash,19%
1426,2025-05-04,1142,2083,401,2.0,1229.06,Credit,2%
1427,2025-05-04,1136,2059,404,3.0,2560.25,Debit,19%
1428,2025-05-04,1061,2079,402,1.0,2566.46,Credit,6%
1429,2025-05-04,1123,2049,401,2.0,751.87,Debit,15%
1430,2025-05-04,1053,2088,404,3.0,709.35,Cash,7%
1431,2025-05-04,1145,2043,402,1.0,1572.21,Cash,13%
1432,2025-05-04,1169,2085,401,3.0,1210.75,Cash,7%
1433,2025-05-04,1029,2075,404,2.0,1249.02,Credit,3%
1434,2025-05-04,1142,2012,404,1.0,1682.61,Debit,13%
1435,2025-05-04,1078,2051,401,0.0,117.32,Debit,17%
1436,2025-05-04,1175,2076,404,2.0,1289.71,Debit,2%
1437,2025-05-04,1126,2082,401,0.0,1066.4,Cash,16%
1438,2025-05-04,1055,2017,401,1.0,1669.32,Credit,19%
1439,2025-05-04,1169,2019,404,2.0,747.14,Credit,16%
1440,2025-05-04,1099,2078,404,1.0,383.43,Credit,1%
1441,2025-05-04,1052,2087,403,2.0,0,Credit,0%
1442,2025-05-04,1145,2086,403,3.0,2682.3,Debit,8%
1443,2025-05-04,1183,2044,401,0.0,1037.9,Debit,3%
1444,2025-05-04,1156,2065,404,1.0,423.31,Credit,12%
1445,2025-05-04,1075,2007,403,0.0,1166.78,Credit,2%
1446,2025-05-04,1000,2090,403,0.0,143.28,Cash,15%
1447,2025-05-04,1072,2003,402,3.0,0,Credit,0%
1448,2025-05-04,1179,2075,404,2.0,1873.54,Debit,15%
1449,2025-05-04,1182,2048,404,3.0,357.63,Cash,3%
1450,2025-05-04,1111,2069,402,1.0,836.6,Debit,3%
1451,2025-05-04,1121,2017,402,3.0,2782.2,Credit,17%
1452,2025-05-04,1092,2053,402,2.0,1464.36,Debit,1%
1453,2025-05-04,1171,2016,402,0.0,646.04,Cash,11%
1454,2025-05-04,1018,2082,401,1.0,0,Cash,0%
1455,2025-05-04,1184,2062,404,1.0,1672.27,Credit,14%
1456,2025-05-04,1021,2017,404,3.0,463.7,Debit,6%
1457,2025-05-04,1178,2077,404,1.0,505.65,Debit,9%
1458,2025-05-04,1116,2065,404,3.0,470.34,Debit,10%
1459,2025-05-04,1098,2045,402,1.0,280.93,Debit,12%
1460,2025-05-04,1108,2077,401,3.0,1685.49,Debit,6%
1461,2025-05-04,1187,2030,403,3.0,509.91,Cash,12%
1462,2025-05-04,1139,2073,403,0.0,499.43,Credit,3%
1463,2025-05-04,1009,2072,404,2.0,0,Credit,0%
1464,2025-05-04,1028,2074,404,0.0,3297.5,Cash,8%
1465,2025-05-04,1036,2093,403,3.0,0,Debit,0%
1466,2025-05-04,1132,2010,401,1.0,0,Debit,0%
1467,2025-05-04,1120,2080,401,2.0,665.81,Cash,5%
1468,2025-05-04,1156,2006,403,0.0,198,Debit,7%
1469,2025-05-04,1120,2058,404,2.0,1600.2,Credit,12%
1470,2025-05-04,1107,2045,403,2.0,249.71,Debit,10%
1471,2025-05-04,1042,2004,403,2.0,0,Credit,0%
1472,2025-05-04,1015,2080,404,1.0,749.03,Cash,18%
1473,2025-05-04,1146,2006,403,0.0,792,Debit,16%
1474,2025-05-04,1073,2062,401,1.0,1114.85,Cash,1%
1475,2025-05-04,1129,2009,403,2.0,0,Debit,0%
1476,2025-05-04,1033,2078,403,2.0,340.82,Cash,9%
1477,2025-05-04,1065,2001,401,1.0,371.12,Credit,14%
1478,2025-05-04,1151,2094,402,3.0,493.35,Cash,6%
1479,2025-05-04,1094,2022,403,1.0,0,Cash,0%
1480,2025-05-04,1124,2023,401,2.0,2254.9,Cash,13%
1481,2025-05-04,1021,2018,402,3.0,542.26,Cash,5%
1482,2025-05-04,1192,2052,404,1.0,0,Credit,0%
1483,2025-05-04,1169,2056,402,1.0,944.5,Debit,5%
1484,2025-05-04,1147,2093,403,0.0,2267.82,Credit,3%
1485,2025-05-04,1164,2033,401,0.0,836.25,Debit,10%
1486,2025-05-04,1042,2059,404,3.0,3072.3,Cash,16%
1487,2025-05-04,1077,2060,402,3.0,1633.52,Debit,11%
1488,2025-05-04,1174,2090,404,3.0,286.56,Debit,4%
1489,2025-05-04,1067,2018,404,0.0,2169.04,Credit,18%
1490,2025-05-04,1073,2057,404,2.0,349.58,Cash,13%
1491,2025-05-04,1135,2087,401,0.0,318.64,Debit,4%
1492,2025-05-04,1136,2081,403,3.0,2238.66,Debit,10%
1493,2025-05-04,1156,2083,403,2.0,1229.06,Debit,5%
1494,2025-05-04,1069,2034,401,2.0,217.87,Debit,13%
1495,2025-05-04,1167,2074,404,3.0,2638,Cash,3%
1496,2025-05-04,1197,2086,402,1.0,2414.07,Credit,1%
1497,2025-05-04,1133,2043,402,2.0,1397.52,Cash,17%
1498,2025-05-04,1140,2001,401,0.0,1237.05,Credit,4%
1499,2025-05-04,1003,2052,401,0.0,731.26,Debit,9%
1500,2025-05-04,1175,2057,403,1.0,1179.85,Credit,7%
1501,2025-05-04,1185,2036,403,1.0,980.91,Cash,3%
1502,2025-05-04,1008,2003,401,0.0,0,Credit,0%
1503,2025-05-04,1152,2084,402,0.0,281.85,Credit,2%
1504,2025-05-04,1181,2015,401,1.0,1214.95,Cash,1%
1505,2025-05-04,1096,2084,402,0.0,0,Debit,0%
1506,2025-05-04,1178,2023,403,2.0,1503.26,Cash,9%
1507,2025-05-04,1119,2084,401,3.0,0,Cash,0%
1508,2025-05-04,1070,2098,404,2.0,1452.58,Debit,8%
1509,2025-05-04,1065,2020,401,2.0,300.66,Credit,19%
1510,2025-05-04,1198,2007,404,3.0,2333.56,Credit,18%
1511,2025-05-04,1085,2007,403,2.0,933.42,Credit,1%
1512,2025-05-04,1045,2056,401,3.0,3148.32,Cash,12%
1513,2025-05-04,1051,2078,404,1.0,383.43,Debit,4%
1514,2025-05-04,1165,2062,401,1.0,557.42,Debit,17%
1515,2025-05-04,1138,2098,404,1.0,817.07,Cash,14%
1516,2025-05-04,1157,2082,401,3.0,1066.4,Cash,14%
1517,2025-05-04,1183,2033,401,0.0,0,Credit,0%
1518,2025-05-04,1018,2009,403,3.0,0,Cash,0%
1519,2025-05-04,1004,2063,402,0.0,552.46,Debit,8%
1520,2025-05-04,1009,2085,404,2.0,193.72,Cash,18%
1521,2025-05-04,1038,2089,403,3.0,1240.56,Credit,16%
1522,2025-05-04,1147,2000,404,3.0,4846.55,Cash,13%
1523,2025-05-04,1111,2051,401,1.0,211.18,Credit,9%
1524,2025-05-04,1000,2049,404,0.0,5639.04,Credit,16%
1525,2025-05-04,1145,2068,403,2.0,656.19,Debit,8%
1526,2025-05-04,1174,2038,404,0.0,1853.02,Debit,4%
1527,2025-05-04,1161,2082,401,2.0,213.28,Cash,10%
1528,2025-05-04,1136,2043,401,3.0,3493.8,Debit,5%
1529,2025-05-04,1194,2098,403,1.0,2451.22,Cash,13%
1530,2025-05-04,1045,2070,401,3.0,102.54,Credit,1%
1531,2025-05-04,1169,2024,403,3.0,621.35,Cash,14%
1532,2025-05-04,1027,2080,403,3.0,2496.78,Cash,1%
1533,2025-05-04,1021,2080,404,1.0,2247.1,Cash,1%
1534,2025-05-04,1035,2004,402,0.0,1854.5,Debit,15%
1535,2025-05-04,1184,2075,402,3.0,2341.92,Cash,19%
1536,2025-05-04,1099,2008,403,3.0,66.59,Credit,12%
1537,2025-05-04,1136,2057,401,0.0,1310.94,Debit,1%
1538,2025-05-04,1086,2007,403,0.0,1750.17,Credit,17%
1539,2025-05-04,1103,2015,402,3.0,2024.91,Credit,19%
1540,2025-05-04,1173,2068,402,1.0,0,Debit,0%
1541,2025-05-04,1018,2004,402,3.0,927.25,Credit,11%
1542,2025-05-04,1167,2002,404,0.0,866,Credit,20%
1543,2025-05-04,1062,2089,402,0.0,2067.6,Cash,11%
1544,2025-05-04,1044,2080,401,2.0,665.81,Cash,11%
1545,2025-05-04,1024,2058,402,0.0,2000.25,Cash,20%
1546,2025-05-04,1027,2014,404,1.0,443.34,Cash,14%
1547,2025-05-04,1016,2025,404,2.0,671.09,Cash,4%
1548,2025-05-04,1188,2086,404,2.0,2861.12,Cash,17%
1549,2025-05-04,1030,2087,402,2.0,382.37,Debit,19%
1550,2025-05-04,1054,2097,401,1.0,2273.67,Cash,7%
1551,2025-05-04,1085,2008,401,2.0,106.54,Debit,5%
1552,2025-05-04,1036,2096,404,1.0,1814.89,Cash,16%
1553,2025-05-04,1178,2047,402,3.0,1004.94,Debit,15%
1554,2025-05-04,1062,2074,401,1.0,1187.1,Cash,13%
1555,2025-05-04,1025,2080,404,1.0,3745.17,Credit,6%
1556,2025-05-04,1004,2062,401,0.0,2477.44,Cash,10%
1557,2025-05-04,1001,2022,401,2.0,536.94,Debit,12%
1558,2025-05-04,1106,2088,404,1.0,1276.83,Cash,4%
1559,2025-05-04,1052,2018,403,3.0,2169.04,Credit,1%
1560,2025-05-04,1105,2030,402,0.0,339.94,Cash,6%
1561,2025-05-04,1152,2023,404,0.0,1879.08,Cash,7%
1562,2025-05-04,1160,2038,403,3.0,0,Credit,0%
1563,2025-05-04,1001,2071,402,1.0,1660.93,Debit,13%
1564,2025-05-04,1030,2067,401,2.0,465.52,Credit,7%
1565,2025-05-04,1194,2069,402,3.0,929.56,Debit,17%
1566,2025-05-04,1197,2080,402,2.0,1331.62,Cash,15%
1567,2025-05-04,1013,2024,401,1.0,335.53,Cash,7%
1568,2025-05-04,1175,2060,404,1.0,735.08,Debit,7%
1569,2025-05-04,1040,2085,401,0.0,484.3,Credit,1%
1570,2025-05-04,1165,2046,403,1.0,60.17,Credit,8%
1571,2025-05-04,1111,2032,403,3.0,3782.4,Debit,18%
1572,2025-05-04,1011,2013,401,1.0,1683.65,Cash,6%
1573,2025-05-04,1040,2003,404,0.0,385.18,Credit,3%
1574,2025-05-04,1018,2030,404,2.0,135.98,Cash,13%
1575,2025-05-04,1107,2025,403,1.0,754.97,Debit,4%
1576,2025-05-04,1199,2014,403,1.0,0,Cash,0%
1577,2025-05-04,1025,2030,404,1.0,0,Debit,0%
1578,2025-05-04,1096,2028,401,3.0,2551.76,Debit,3%
1579,2025-05-04,1149,2062,401,3.0,1858.08,Debit,10%
1580,2025-05-04,1037,2027,404,1.0,465.5,Credit,12%
1581,2025-05-04,1099,2047,402,3.0,0,Cash,0%
1582,2025-05-04,1184,2024,403,2.0,198.83,Credit,5%
1583,2025-05-04,1051,2042,402,0.0,167.61,Debit,19%
1584,2025-05-04,1177,2072,401,2.0,672.48,Credit,15%
1585,2025-05-04,1034,2014,404,3.0,985.2,Credit,13%
1586,2025-05-04,1107,2021,403,1.0,751.87,Credit,15%
1587,2025-05-04,1075,2077,402,1.0,2528.24,Debit,1%
1588,2025-05-04,1147,2070,402,0.0,34.18,Cash,14%
1589,2025-05-04,1105,2066,404,1.0,928.91,Debit,8%
1590,2025-05-04,1151,2060,404,2.0,653.41,Cash,2%
1591,2025-05-04,1003,2093,404,1.0,680.35,Cash,11%
1592,2025-05-04,1063,2041,404,1.0,2171.37,Debit,4%
1593,2025-05-04,1151,2019,401,3.0,933.93,Cash,17%
1594,2025-05-04,1011,2005,404,0.0,428.78,Debit,10%
1595,2025-05-04,1108,2067,404,3.0,290.95,Cash,19%
1596,2025-05-04,1178,2012,404,3.0,623.19,Debit,15%
1597,2025-05-04,1061,2010,401,3.0,389.2,Credit,3%
1598,2025-05-04,1055,2016,403,2.0,0,Credit,0%
1599,2025-05-04,1061,2082,401,0.0,266.6,Cash,16%
1600,2025-05-04,1122,2085,403,1.0,217.94,Credit,6%
1601,2025-05-04,1180,2058,401,3.0,666.75,Credit,5%
1602,2025-05-04,1118,2098,402,3.0,907.86,Cash,4%
1603,2025-05-04,1047,2047,404,0.0,334.98,Debit,13%
1604,2025-05-04,1160,2009,404,2.0,0,Credit,0%
1605,2025-05-04,1135,2004,403,3.0,3709,Credit,19%
1606,2025-05-04,1192,2034,402,0.0,0,Credit,0%
1607,2025-05-04,1158,2042,401,2.0,402.26,Debit,16%
1608,2025-05-04,1013,2014,404,2.0,197.04,Cash,15%
1609,2025-05-04,1119,2079,401,2.0,4562.59,Cash,13%
1610,2025-05-04,1093,2022,401,1.0,604.06,Credit,5%
1611,2025-05-04,1035,2042,402,0.0,335.22,Debit,13%
1612,2025-05-04,1166,2061,402,1.0,179.93,Credit,17%
1613,2025-05-04,1082,2045,403,3.0,312.14,Credit,2%
1614,2025-05-04,1070,2006,401,2.0,633.6,Cash,4%
1615,2025-05-04,1088,2057,404,0.0,436.98,Credit,3%
1616,2025-05-04,1120,2090,403,3.0,214.92,Credit,16%
1617,2025-05-04,1158,2047,401,1.0,904.45,Cash,1%
1618,2025-05-04,1117,2011,401,3.0,0,Debit,0%
1619,2025-05-04,1045,2036,401,0.0,217.98,Debit,7%
1620,2025-05-04,1042,2035,401,1.0,809.99,Credit,19%
1621,2025-05-04,1127,2019,402,0.0,933.93,Cash,4%
1622,2025-05-04,1075,2053,402,3.0,2440.6,Debit,17%
1623,2025-05-04,1088,2053,404,0.0,610.15,Credit,2%
1624,2025-05-04,1074,2024,401,0.0,248.54,Cash,12%
1625,2025-05-04,1059,2066,403,3.0,2064.24,Debit,14%
1626,2025-05-04,1148,2043,403,3.0,873.45,Cash,10%
1627,2025-05-04,1151,2085,404,3.0,726.45,Credit,5%
1628,2025-05-04,1077,2072,402,2.0,1008.72,Cash,3%
1629,2025-05-04,1043,2033,402,3.0,836.25,Cash,12%
1630,2025-05-04,1095,2036,401,1.0,392.36,Cash,1%
1631,2025-05-04,1090,2036,404,1.0,588.55,Credit,11%
1632,2025-05-04,1158,2020,403,1.0,676.49,Credit,7%
1633,2025-05-04,1044,2090,402,1.0,0,Cash,0%
1634,2025-05-04,1060,2014,401,2.0,591.12,Cash,9%
1635,2025-05-04,1147,2016,404,2.0,516.83,Cash,20%
1636,2025-05-04,1094,2023,402,0.0,1879.08,Credit,7%
1637,2025-05-04,1170,2040,403,1.0,0,Debit,0%
1638,2025-05-04,1095,2057,402,2.0,349.58,Credit,8%
1639,2025-05-04,1031,2003,404,3.0,0,Debit,0%
1640,2025-05-04,1196,2018,404,2.0,433.81,Credit,13%
1641,2025-05-04,1039,2000,403,2.0,775.45,Cash,18%
1642,2025-05-04,1121,2037,402,3.0,1080.42,Cash,11%
1643,2025-05-04,1086,2088,401,3.0,2837.4,Debit,15%
1644,2025-05-04,1010,2017,401,2.0,1112.88,Debit,4%
1645,2025-05-04,1006,2051,402,3.0,351.96,Credit,6%
1646,2025-05-04,1091,2011,403,0.0,819.48,Cash,10%
1647,2025-05-04,1155,2082,402,1.0,959.76,Credit,19%
1648,2025-05-04,1005,2098,403,1.0,817.07,Debit,17%
1649,2025-05-04,1005,2010,404,0.0,233.52,Cash,19%
1650,2025-05-04,1131,2050,402,3.0,747.12,Cash,4%
1651,2025-05-04,1081,2077,401,2.0,1797.86,Cash,4%
1652,2025-05-04,1101,2018,404,2.0,867.62,Credit,1%
1653,2025-05-04,1098,2047,401,2.0,1071.94,Credit,4%
1654,2025-05-04,1088,2044,403,3.0,830.32,Cash,14%
1655,2025-05-04,1143,2011,402,3.0,1229.22,Credit,20%
1656,2025-05-04,1189,2053,404,2.0,1464.36,Credit,12%
1657,2025-05-04,1041,2093,404,3.0,2267.82,Debit,16%
1658,2025-05-04,1035,2075,401,1.0,1405.15,Credit,9%
1659,2025-05-04,1053,2038,404,2.0,2964.83,Credit,5%
1660,2025-05-04,1016,2075,404,0.0,3122.56,Debit,6%
1661,2025-05-04,1001,2052,403,3.0,731.26,Debit,5%
1662,2025-05-04,1044,2071,404,1.0,553.64,Cash,8%
1663,2025-05-04,1051,2023,404,2.0,0,Cash,0%
1664,2025-05-04,1141,2062,401,2.0,1486.46,Debit,14%
1665,2025-05-04,1149,2038,404,3.0,926.51,Credit,17%
1666,2025-05-04,1057,2003,401,1.0,2079.97,Debit,2%
1667,2025-05-04,1067,2038,404,0.0,926.51,Cash,20%
1668,2025-05-04,1167,2085,403,3.0,242.15,Debit,2%
1669,2025-05-04,1045,2062,402,0.0,1858.08,Credit,4%
1670,2025-05-04,1030,2097,403,3.0,3368.4,Credit,2%
1671,2025-05-04,1017,2076,403,3.0,0,Cash,0%
1672,2025-05-04,1144,2055,403,3.0,161.82,Cash,12%
1673,2025-05-04,1177,2015,403,0.0,674.97,Credit,3%
1674,2025-05-04,1066,2020,401,1.0,1014.74,Cash,17%
1675,2025-05-04,1081,2059,402,2.0,409.64,Debit,6%
1676,2025-05-04,1041,2006,403,2.0,475.2,Credit,18%
1677,2025-05-04,1107,2081,403,0.0,3731.1,Cash,16%
1678,2025-05-04,1074,2037,401,1.0,0,Debit,0%
1679,2025-05-04,1196,2080,402,0.0,832.26,Credit,4%
1680,2025-05-04,1153,2096,402,2.0,1075.49,Cash,16%
1681,2025-05-04,1080,2087,403,2.0,127.46,Debit,11%
1682,2025-05-04,1175,2089,403,0.0,2067.6,Debit,11%
1683,2025-05-04,1136,2074,403,1.0,593.55,Credit,13%
1684,2025-05-04,1003,2017,403,2.0,1112.88,Cash,19%
1685,2025-05-04,1199,2062,404,2.0,990.98,Cash,13%
1686,2025-05-04,1041,2013,402,1.0,1683.65,Credit,3%
1687,2025-05-04,1128,2028,402,0.0,0,Credit,0%
1688,2025-05-04,1106,2058,401,0.0,1333.5,Debit,7%
1689,2025-05-04,1033,2002,404,2.0,1385.6,Cash,12%
1690,2025-05-04,1079,2088,403,1.0,2553.66,Credit,17%
1691,2025-05-04,1113,2076,403,1.0,0,Credit,0%
1692,2025-05-04,1181,2038,401,0.0,2779.53,Credit,17%
1693,2025-05-04,1056,2016,402,1.0,872.15,Cash,6%
1694,2025-05-04,1078,2016,402,1.0,872.15,Debit,3%
1695,2025-05-04,1020,2054,401,0.0,1801.02,Cash,3%
1696,2025-05-04,1004,2099,404,3.0,0,Credit,0%
1697,2025-05-04,1010,2025,401,0.0,559.24,Cash,7%
1698,2025-05-04,1168,2065,401,3.0,1411.02,Credit,14%
1699,2025-05-04,1030,2032,401,0.0,945.6,Credit,11%
1700,2025-05-04,1077,2085,401,0.0,0,Cash,0%
1701,2025-05-04,1005,2015,402,1.0,0,Cash,0%
1702,2025-05-04,1047,2085,403,0.0,242.15,Debit,16%
1703,2025-05-04,1023,2018,403,2.0,0,Debit,0%
1704,2025-05-04,1090,2020,402,0.0,751.66,Cash,1%
1705,2025-05-04,1025,2074,401,1.0,593.55,Credit,20%
1706,2025-05-04,1183,2024,403,1.0,335.53,Debit,17%
1707,2025-05-04,1193,2068,401,0.0,820.24,Debit,3%
1708,2025-05-04,1054,2064,404,2.0,235.23,Cash,1%
1709,2025-05-04,1178,2075,402,3.0,5464.48,Cash,6%
1710,2025-05-04,1172,2013,402,2.0,2244.86,Cash,17%
1711,2025-05-04,1097,2054,402,1.0,810.46,Cash,10%
1712,2025-05-04,1104,2014,403,0.0,246.3,Cash,20%
1713,2025-05-04,1119,2014,402,3.0,1231.5,Credit,2%
1714,2025-05-04,1195,2046,403,0.0,100.29,Cash,6%
1715,2025-05-04,1021,2041,404,0.0,0,Debit,0%
1716,2025-05-04,1098,2036,404,2.0,0,Credit,0%
1717,2025-05-04,1175,2056,402,3.0,2098.88,Debit,16%
1718,2025-05-04,1074,2054,402,0.0,2701.53,Cash,14%
1719,2025-05-04,1121,2086,403,1.0,3218.76,Cash,19%
1720,2025-05-04,1003,2086,404,0.0,1788.2,Debit,20%
1721,2025-05-04,1101,2056,401,0.0,524.72,Cash,1%
1722,2025-05-04,1036,2050,404,0.0,747.12,Debit,6%
1723,2025-05-04,1189,2021,401,2.0,1336.66,Cash,8%
1724,2025-05-04,1050,2043,402,3.0,873.45,Debit,5%
1725,2025-05-04,1031,2029,404,3.0,40.53,Cash,4%
1726,2025-05-04,1071,2097,403,3.0,2526.3,Cash,17%
1727,2025-05-04,1091,2060,404,3.0,1225.14,Cash,16%
1728,2025-05-04,1130,2035,402,3.0,899.99,Credit,19%
1729,2025-05-04,1027,2015,403,3.0,0,Cash,0%
1730,2025-05-04,1127,2029,402,0.0,40.53,Credit,8%
1731,2025-05-04,1025,2094,401,0.0,1973.4,Cash,18%
1732,2025-05-04,1127,2086,401,1.0,4828.14,Debit,18%
1733,2025-05-04,1097,2077,403,1.0,2022.59,Cash,17%
1734,2025-05-04,1077,2079,401,0.0,1901.08,Cash,7%
1735,2025-05-04,1169,2096,404,3.0,672.18,Cash,12%
1736,2025-05-04,1051,2037,404,3.0,1800.7,Debit,12%
1737,2025-05-04,1129,2033,403,0.0,1672.5,Credit,13%
1738,2025-05-04,1195,2004,404,0.0,2781.75,Debit,18%
1739,2025-05-04,1098,2057,403,3.0,1310.94,Cash,6%
1740,2025-05-04,1113,2058,401,0.0,2000.25,Credit,15%
1741,2025-05-04,1045,2071,403,1.0,0,Debit,0%
1742,2025-05-04,1125,2055,402,2.0,86.3,Cash,17%
1743,2025-05-04,1183,2049,404,0.0,1879.68,Debit,20%
1744,2025-05-04,1145,2086,404,3.0,2682.3,Credit,12%
1745,2025-05-04,1121,2071,402,0.0,1845.48,Debit,7%
1746,2025-05-04,1100,2033,404,3.0,2508.75,Credit,14%
1747,2025-05-04,1157,2086,403,2.0,1430.56,Cash,11%
1748,2025-05-04,1082,2007,401,0.0,1750.17,Credit,3%
1749,2025-05-04,1032,2046,403,0.0,167.15,Cash,11%
1750,2025-05-04,1195,2080,403,3.0,3329.04,Credit,6%
1751,2025-05-04,1024,2054,403,2.0,0,Cash,0%
1752,2025-05-04,1105,2044,401,1.0,373.64,Cash,14%
1753,2025-05-04,1063,2030,403,0.0,509.91,Cash,1%
1754,2025-05-04,1176,2008,403,0.0,133.18,Credit,13%
1755,2025-05-04,1086,2021,401,2.0,2004.98,Cash,5%
1756,2025-05-04,1009,2058,404,3.0,2000.25,Debit,18%
1757,2025-05-04,1068,2002,404,0.0,0,Credit,0%
1758,2025-05-04,1081,2048,404,2.0,572.21,Debit,1%
1759,2025-05-04,1146,2012,404,0.0,623.19,Credit,5%
1760,2025-05-04,1176,2086,402,2.0,1430.56,Credit,19%
1761,2025-05-04,1127,2064,403,1.0,529.27,Debit,5%
1762,2025-05-04,1157,2038,403,3.0,4632.55,Debit,20%
1763,2025-05-04,1051,2063,401,1.0,0,Debit,0%
1764,2025-05-04,1073,2033,401,2.0,1338,Cash,10%
1765,2025-05-04,1146,2051,402,0.0,0,Cash,0%
1766,2025-05-04,1183,2074,401,2.0,0,Credit,0%
1767,2025-05-04,1069,2008,404,3.0,66.59,Credit,4%
1768,2025-05-04,1053,2044,401,2.0,332.13,Cash,14%
1769,2025-05-04,1129,2038,404,2.0,0,Debit,0%
1770,2025-05-04,1051,2053,404,2.0,488.12,Cash,6%
1771,2025-05-04,1159,2065,404,1.0,1693.22,Debit,3%
1772,2025-05-04,1004,2080,402,3.0,3329.04,Credit,13%
1773,2025-05-04,1054,2084,404,2.0,901.92,Cash,14%
1774,2025-05-04,1163,2068,404,0.0,1640.48,Debit,2%
1775,2025-05-04,1133,2025,403,3.0,838.86,Debit,16%
1776,2025-05-04,1037,2030,402,2.0,271.95,Cash,3%
1777,2025-05-04,1111,2052,403,0.0,731.26,Cash,8%
1778,2025-05-04,1162,2026,404,2.0,169.25,Cash,9%
1779,2025-05-04,1073,2082,402,2.0,213.28,Cash,19%
1780,2025-05-04,1175,2076,402,3.0,806.07,Debit,9%
1781,2025-05-04,1061,2014,402,1.0,665.01,Credit,16%
1782,2025-05-04,1007,2031,403,3.0,1695.9,Cash,7%
1783,2025-05-04,1124,2071,404,3.0,1845.48,Credit,18%
1784,2025-05-04,1165,2004,402,1.0,1669.05,Cash,13%
1785,2025-05-04,1069,2017,401,2.0,0,Cash,0%
1786,2025-05-04,1071,2084,402,0.0,281.85,Debit,8%
1787,2025-05-04,1184,2062,401,0.0,2477.44,Debit,20%
1788,2025-05-04,1021,2040,403,0.0,69.08,Cash,16%
1789,2025-05-04,1104,2046,401,3.0,167.15,Debit,7%
1790,2025-05-04,1185,2017,402,0.0,1854.8,Debit,1%
1791,2025-05-04,1146,2094,401,2.0,789.36,Debit,15%
1792,2025-05-04,1127,2011,402,0.0,409.74,Credit,7%
1793,2025-05-04,1197,2040,403,3.0,138.16,Debit,13%
1794,2025-05-04,1191,2095,402,3.0,1963.16,Cash,3%
1795,2025-05-04,1055,2018,401,1.0,488.03,Credit,9%
1796,2025-05-04,1054,2035,404,3.0,899.99,Credit,19%
1797,2025-05-04,1065,2075,401,3.0,3903.2,Credit,14%
1798,2025-05-04,1136,2047,401,2.0,267.98,Cash,7%
1799,2025-05-04,1139,2054,404,1.0,3241.84,Credit,10%
1800,2025-05-04,1071,2018,403,3.0,0,Cash,0%
1801,2025-05-04,1183,2047,403,0.0,1004.94,Debit,10%
1802,2025-05-04,1165,2077,401,0.0,1685.49,Cash,7%
1803,2025-05-04,1176,2085,402,2.0,581.16,Cash,13%
1804,2025-05-04,1141,2049,403,2.0,1503.74,Credit,15%
1805,2025-05-04,1175,2015,402,3.0,674.97,Credit,14%
1806,2025-05-04,1099,2001,404,2.0,0,Credit,0%
1807,2025-05-04,1077,2011,402,2.0,655.58,Credit,9%
1808,2025-05-04,1053,2020,404,2.0,601.33,Debit,14%
1809,2025-05-04,1196,2082,404,0.0,533.2,Credit,20%
1810,2025-05-04,1070,2010,404,3.0,311.36,Cash,19%
1811,2025-05-04,1188,2052,403,3.0,2925.04,Debit,19%
1812,2025-05-04,1025,2020,403,0.0,375.83,Credit,20%
1813,2025-05-04,1090,2053,403,3.0,1830.45,Cash,7%
1814,2025-05-04,1177,2003,401,1.0,346.66,Debit,15%
1815,2025-05-04,1161,2056,402,0.0,1049.44,Cash,16%
1816,2025-05-04,1102,2025,403,2.0,0,Credit,0%
1817,2025-05-04,1147,2010,401,1.0,70.06,Credit,4%
1818,2025-05-04,1063,2066,402,3.0,516.06,Credit,13%
1819,2025-05-04,1081,2057,404,1.0,786.56,Cash,7%
1820,2025-05-04,1066,2022,403,2.0,536.94,Cash,20%
1821,2025-05-04,1050,2010,404,2.0,62.27,Debit,20%
1822,2025-05-04,1046,2050,404,1.0,336.2,Credit,13%
1823,2025-05-04,1005,2002,402,0.0,3464,Credit,8%
1824,2025-05-04,1118,2025,403,1.0,0,Debit,0%
1825,2025-05-04,1012,2051,404,2.0,93.86,Cash,7%
1826,2025-05-04,1038,2011,403,1.0,1475.06,Debit,7%
1827,2025-05-04,1145,2015,401,3.0,2024.91,Debit,18%
1828,2025-05-04,1197,2058,404,0.0,666.75,Debit,11%
1829,2025-05-04,1057,2091,402,1.0,815.21,Credit,16%
1830,2025-05-04,1005,2034,403,3.0,544.68,Debit,20%
1831,2025-05-04,1097,2016,404,1.0,290.72,Cash,18%
1832,2025-05-04,1153,2027,403,1.0,698.25,Credit,19%
1833,2025-05-04,1107,2023,404,1.0,2536.76,Credit,6%
1834,2025-05-04,1007,2037,403,1.0,648.25,Debit,17%
1835,2025-05-04,1158,2057,402,2.0,699.17,Cash,19%
1836,2025-05-04,1149,2087,404,0.0,637.28,Credit,18%
1837,2025-05-04,1002,2060,402,2.0,326.7,Credit,3%
1838,2025-05-04,1177,2050,402,3.0,186.78,Credit,11%
1839,2025-05-04,1181,2054,403,0.0,1801.02,Cash,8%
1840,2025-05-04,1024,2071,401,0.0,615.16,Credit,7%
1841,2025-05-04,1085,2030,404,2.0,407.93,Debit,3%
1842,2025-05-04,1155,2085,401,0.0,726.45,Cash,15%
1843,2025-05-04,1064,2064,404,2.0,940.93,Credit,13%
1844,2025-05-04,1101,2085,403,1.0,217.94,Cash,19%
1845,2025-05-04,1143,2005,402,2.0,343.02,Credit,1%
1846,2025-05-04,1043,2064,404,2.0,235.23,Credit,12%
1847,2025-05-04,1119,2016,401,2.0,258.42,Cash,6%
1848,2025-05-04,1181,2067,404,1.0,523.71,Credit,11%
1849,2025-05-04,1066,2014,403,0.0,0,Cash,0%
1850,2025-05-04,1032,2063,403,2.0,441.97,Credit,13%
1851,2025-05-04,1110,2036,403,2.0,348.77,Credit,3%
1852,2025-05-04,1132,2040,404,1.0,124.34,Credit,12%
1853,2025-05-04,1080,2094,404,1.0,0,Cash,0%
1854,2025-05-04,1142,2084,404,0.0,0,Debit,0%
1855,2025-05-04,1048,2019,401,1.0,840.54,Debit,18%
1856,2025-05-04,1046,2004,404,2.0,741.8,Cash,3%
1857,2025-05-04,1041,2090,404,3.0,358.2,Debit,7%
1858,2025-05-04,1029,2063,401,3.0,1657.38,Cash,12%
1859,2025-05-04,1091,2090,404,3.0,214.92,Credit,2%
1860,2025-05-04,1126,2014,402,0.0,492.6,Cash,17%
1861,2025-05-04,1089,2011,402,2.0,1638.96,Credit,7%
1862,2025-05-04,1046,2021,403,1.0,2255.61,Cash,3%
1863,2025-05-04,1149,2000,402,3.0,4846.55,Credit,14%
1864,2025-05-04,1019,2031,404,0.0,1695.9,Cash,8%
1865,2025-05-04,1084,2003,403,0.0,0,Debit,0%
1866,2025-05-04,1100,2047,401,2.0,803.95,Credit,17%
1867,2025-05-04,1039,2003,401,3.0,1155.54,Cash,6%
1868,2025-05-04,1181,2084,404,3.0,1127.4,Credit,13%
1869,2025-05-04,1160,2034,401,2.0,326.81,Credit,10%
1870,2025-05-04,1011,2083,404,2.0,614.53,Credit,5%
1871,2025-05-04,1187,2093,402,1.0,680.35,Debit,5%
1872,2025-05-04,1012,2082,403,2.0,853.12,Cash,13%
1873,2025-05-04,1014,2095,401,3.0,0,Debit,0%
1874,2025-05-04,1023,2051,403,1.0,211.18,Debit,13%
1875,2025-05-04,1061,2098,404,0.0,2723.58,Cash,6%
1876,2025-05-04,1005,2026,402,3.0,211.56,Credit,19%
1877,2025-05-04,1199,2051,403,1.0,0,Credit,0%
1878,2025-05-04,1030,2038,404,3.0,3706.04,Cash,16%
1879,2025-05-04,1188,2039,402,2.0,1562.3,Cash,5%
1880,2025-05-04,1170,2012,403,1.0,560.87,Debit,9%
1881,2025-05-04,1125,2057,404,3.0,1310.94,Credit,3%
1882,2025-05-04,1068,2072,404,0.0,420.3,Credit,11%
1883,2025-05-04,1193,2054,403,1.0,0,Cash,0%
1884,2025-05-04,1111,2080,404,0.0,1664.52,Debit,2%
1885,2025-05-04,1010,2065,403,3.0,0,Cash,0%
1886,2025-05-04,1173,2028,402,3.0,2551.76,Credit,15%
1887,2025-05-04,1134,2080,401,2.0,1331.62,Debit,2%
1888,2025-05-04,1119,2055,401,3.0,269.7,Cash,8%
1889,2025-05-04,1076,2019,402,2.0,747.14,Debit,5%
1890,2025-05-04,1063,2066,404,2.0,0,Debit,0%
1891,2025-05-04,1145,2006,401,0.0,0,Debit,0%
1892,2025-05-04,1131,2013,404,3.0,4676.8,Debit,2%
1893,2025-05-04,1024,2059,403,2.0,0,Cash,0%
1894,2025-05-04,1065,2074,401,0.0,3297.5,Cash,17%
1895,2025-05-04,1029,2094,404,1.0,0,Credit,0%
1896,2025-05-04,1046,2050,401,0.0,560.34,Debit,10%
1897,2025-05-04,1106,2090,403,2.0,114.62,Cash,3%
1898,2025-05-04,1150,2092,404,3.0,482.21,Credit,19%
1899,2025-05-04,1159,2033,403,1.0,752.62,Debit,13%
1900,2025-05-04,1054,2023,401,2.0,751.63,Credit,18%
1901,2025-05-04,1172,2013,404,0.0,1870.72,Debit,16%
1902,2025-05-04,1001,2050,401,0.0,560.34,Debit,2%
1903,2025-05-04,1043,2083,404,3.0,2304.48,Credit,3%
1904,2025-05-04,1177,2051,404,2.0,281.57,Credit,4%
1905,2025-05-04,1158,2078,403,3.0,568.04,Debit,2%
1906,2025-05-04,1077,2011,402,1.0,368.77,Debit,8%
1907,2025-05-04,1003,2024,401,0.0,248.54,Cash,5%
1908,2025-05-04,1178,2024,401,1.0,223.69,Cash,1%
1909,2025-05-04,1123,2083,402,1.0,1382.69,Credit,2%
1910,2025-05-04,1111,2080,402,0.0,3329.04,Cash,3%
1911,2025-05-04,1077,2098,404,1.0,817.07,Debit,14%
1912,2025-05-04,1121,2054,401,0.0,0,Credit,0%
1913,2025-05-04,1042,2019,404,3.0,933.93,Credit,3%
1914,2025-05-04,1120,2002,404,1.0,1558.8,Credit,13%
1915,2025-05-04,1051,2037,404,0.0,0,Credit,0%
1916,2025-05-04,1085,2001,401,3.0,412.35,Credit,16%
1917,2025-05-04,1106,2063,403,0.0,0,Cash,0%
1918,2025-05-04,1124,2051,404,3.0,351.96,Debit,16%
1919,2025-05-04,1059,2091,401,0.0,1811.58,Debit,16%
1920,2025-05-04,1108,2073,403,0.0,1498.29,Debit,10%
1921,2025-05-04,1068,2082,404,3.0,0,Debit,0%
1922,2025-05-04,1029,2063,403,3.0,3314.76,Debit,18%
1923,2025-05-04,1178,2055,401,1.0,242.73,Debit,19%
1924,2025-05-04,1073,2092,402,3.0,482.21,Cash,17%
1925,2025-05-04,1088,2056,402,1.0,1888.99,Debit,14%
1926,2025-05-04,1150,2087,403,3.0,477.96,Debit,3%
1927,2025-05-04,1033,2037,404,3.0,1440.56,Debit,20%
1928,2025-05-04,1172,2083,403,3.0,2304.48,Credit,19%
1929,2025-05-04,1041,2079,402,2.0,2281.3,Cash,3%
1930,2025-05-04,1176,2095,401,3.0,1472.37,Credit,5%
1931,2025-05-04,1033,2022,402,1.0,1208.12,Credit,8%
1932,2025-05-04,1155,2062,401,3.0,1858.08,Cash,7%
1933,2025-05-04,1126,2038,402,1.0,1667.72,Debit,10%
1934,2025-05-04,1142,2006,401,2.0,0,Debit,0%
1935,2025-05-04,1066,2045,402,1.0,1123.7,Cash,15%
1936,2025-05-04,1128,2004,401,2.0,2967.2,Cash,16%
1937,2025-05-04,1110,2014,402,0.0,246.3,Cash,4%
1938,2025-05-04,1143,2028,404,2.0,1531.06,Cash,7%
1939,2025-05-04,1087,2045,401,2.0,0,Cash,0%
1940,2025-05-04,1038,2088,401,0.0,1418.7,Debit,18%
1941,2025-05-04,1112,2058,401,0.0,0,Credit,0%
1942,2025-05-04,1005,2078,401,0.0,426.03,Cash,17%
1943,2025-05-04,1129,2013,402,0.0,1870.72,Cash,8%
1944,2025-05-04,1052,2046,402,2.0,26.74,Debit,12%
1945,2025-05-04,1181,2056,404,0.0,0,Credit,0%
1946,2025-05-04,1039,2082,403,2.0,0,Cash,0%
1947,2025-05-04,1035,2015,402,3.0,3374.85,Credit,18%
1948,2025-05-04,1106,2098,401,1.0,1634.15,Credit,10%
1949,2025-05-04,1121,2043,403,1.0,1572.21,Credit,10%
1950,2025-05-04,1021,2034,403,3.0,544.68,Cash,18%
1951,2025-05-04,1092,2080,402,1.0,3745.17,Debit,5%
1952,2025-05-04,1192,2096,404,1.0,1814.89,Debit,1%
1953,2025-05-04,1035,2054,404,3.0,0,Credit,0%
1954,2025-05-04,1117,2066,403,0.0,0,Debit,0%
1955,2025-05-04,1113,2018,401,0.0,1084.52,Credit,11%
1956,2025-05-04,1021,2043,403,3.0,2620.35,Debit,16%
1957,2025-05-04,1197,2021,404,0.0,1670.82,Credit,16%
1958,2025-05-04,1100,2097,401,1.0,2273.67,Credit,9%
1959,2025-05-04,1147,2007,403,3.0,0,Debit,0%
1960,2025-05-04,1102,2087,403,2.0,0,Cash,0%
1961,2025-05-04,1088,2001,403,1.0,1113.34,Credit,8%
1962,2025-05-04,1179,2051,404,1.0,211.18,Cash,19%
1963,2025-05-04,1139,2079,404,2.0,2281.3,Cash,1%
1964,2025-05-04,1005,2083,404,1.0,691.34,Credit,13%
1965,2025-05-04,1077,2010,401,2.0,186.82,Credit,11%
1966,2025-05-04,1099,2092,402,2.0,1157.3,Cash,14%
1967,2025-05-04,1054,2011,403,2.0,327.79,Debit,9%
1968,2025-05-04,1193,2081,402,0.0,2238.66,Debit,8%
1969,2025-05-04,1007,2069,403,1.0,836.6,Credit,1%
1970,2025-05-04,1198,2038,404,0.0,1853.02,Credit,6%
1971,2025-05-04,1187,2007,403,2.0,466.71,Debit,11%
1972,2025-05-04,1160,2064,403,0.0,1176.16,Credit,17%
1973,2025-05-04,1012,2096,401,3.0,672.18,Cash,16%
1974,2025-05-04,1076,2073,401,3.0,499.43,Debit,17%
1975,2025-05-04,1086,2030,402,2.0,407.93,Debit,3%
1976,2025-05-04,1076,2036,402,3.0,217.98,Credit,1%
1977,2025-05-04,1133,2094,402,0.0,1973.4,Credit,11%
1978,2025-05-04,1083,2066,402,2.0,1238.54,Cash,8%
1979,2025-05-04,1116,2012,402,3.0,0,Debit,0%
1980,2025-05-04,1105,2010,401,0.0,155.68,Debit,14%
1981,2025-05-04,1108,2016,404,1.0,872.15,Cash,12%
1982,2025-05-04,1114,2009,403,3.0,198.93,Credit,10%
1983,2025-05-04,1150,2071,404,2.0,492.13,Credit,11%
1984,2025-05-04,1149,2063,404,3.0,2762.3,Credit,17%
1985,2025-05-04,1176,2062,404,1.0,557.42,Cash,5%
1986,2025-05-04,1036,2064,402,3.0,294.04,Cash,12%
1987,2025-05-04,1182,2058,402,0.0,0,Debit,0%
1988,2025-05-04,1177,2027,404,3.0,1034.44,Cash,9%
1989,2025-05-04,1008,2095,402,2.0,0,Cash,0%
1990,2025-05-04,1030,2077,404,0.0,1123.66,Debit,17%
1991,2025-05-04,1030,2047,403,0.0,334.98,Credit,15%
1992,2025-05-04,1133,2019,401,2.0,747.14,Debit,2%
1993,2025-05-04,1078,2047,403,2.0,535.97,Debit,20%
1994,2025-05-04,1124,2003,402,1.0,1386.65,Debit,20%
1995,2025-05-04,1005,2075,404,0.0,3122.56,Credit,3%
1996,2025-05-04,1078,2036,402,1.0,588.55,Credit,7%
1997,2025-05-04,1189,2062,401,0.0,2477.44,Debit,20%
1998,2025-05-04,1140,2044,401,0.0,207.58,Cash,15%
1999,2025-05-04,1106,2061,403,3.0,599.76,Credit,14%
2000,2025-05-04,1086,2048,404,1.0,321.87,Credit,15%
