TransactionID,SaleDate,CustomerID,ProductID,StoreID,CampaignID,SaleAmount
1,4/6/2025,1034,2059,402,0,2048.2
2,6/26/2025,1066,2048,403,1,321.87
3,2/26/2025,1116,2041,403,3,3216.84
4,9/7/2025,1071,2096,404,2,1613.23
5,7/18/2025,1020,2060,401,0,408.38
6,3/5/2025,1089,2028,401,0,1275.88
7,10/29/2025,1193,2003,402,1,346.66
8,4/8/2025,1005,2079,402,1,855.49
9,6/23/2025,1032,2060,401,1,735.08
10,9/19/2025,1119,2089,403,2,661.63
11,9/11/2025,1042,2077,401,,505.65
12,8/16/2025,1079,2013,401,2,0
13,7/23/2025,1147,2086,404,3,4470.5
14,4/27/2025,1183,2025,401,1,503.32
15,8/1/2025,1026,2089,403,0,413.52
16,10/24/2025,1144,2005,403,3,1715.12
17,12/4/2025,1169,2047,401,2,535.97
18,7/27/2025,1003,2053,404,0,3660.9
19,9/8/2025,1110,2046,404,1,30.09
20,3/17/2025,1111,2022,403,3,671.18
21,10/2/2025,1119,2055,403,2,?
22,10/18/2025,1062,2011,403,3,1229.22
23,7/4/2025,1062,2096,404,3,672.18
24,11/20/2025,1086,2003,404,2,924.43
25,8/2/2025,1046,2062,402,2,1981.95
26,9/2/2025,1066,2043,403,2,698.76
27,4/1/2025,1142,2001,402,0,1237.05
28,7/25/2025,1061,2092,404,3,482.21
29,4/29/2025,1142,2097,402,3,4210.5
30,10/26/2025,1165,2091,404,3,4528.95
31,5/18/2025,1004,2011,403,1,737.53
32,5/6/2025,1103,2088,402,2,0
33,10/11/2025,1169,2074,403,3,0
34,4/11/2025,1141,2067,403,3,872.85
35,4/8/2025,1190,2070,403,2,54.69
36,8/21/2025,1179,2058,403,2,1066.8
37,7/30/2025,1064,2029,401,1,12.16
38,4/11/2025,1080,2015,402,1,3037.36
39,12/4/2025,1055,2094,404,2,1578.72
40,5/5/2025,1185,2075,403,0,0
41,8/6/2025,9999,2037,402,2,288.11
42,5/26/2025,1045,2038,401,1,1667.72
43,9/27/2025,1070,2005,401,2,686.05
44,8/30/2025,1178,2016,404,0,0
45,4/6/2025,1003,2073,403,3,1498.29
46,11/25/2025,1122,2056,403,1,944.5
47,9/21/2025,1013,2032,404,0,2836.8
48,7/25/2025,1016,2051,404,0,117.32
49,7/4/2025,1147,2080,401,1,0
50,10/4/2025,1038,2072,403,0,840.6
51,4/18/2025,1063,2015,404,1,1214.95
52,7/12/2025,1198,2066,404,3,516.06
53,10/29/2025,1113,2038,404,2,2223.62
54,10/27/2025,1145,2079,401,0,1901.08
55,7/12/2025,1195,2026,402,2,507.74
56,8/17/2025,1169,2010,402,1,140.11
57,9/23/2025,1044,2070,401,1,0
58,3/1/2025,1000,2052,404,3,2193.78
59,3/6/2025,1074,2004,402,2,741.8
60,8/4/2025,1180,2036,404,0,217.98
61,7/30/2025,1175,2029,403,1,36.48
62,5/16/2025,1108,2014,402,1,221.67
63,11/8/2025,1068,2018,401,0,2169.04
64,4/16/2025,1042,2039,403,3,2929.32
65,12/1/2025,1031,2059,403,3,0
66,6/3/2025,1069,2064,404,3,1470.2
67,6/20/2025,1020,2076,401,3,4836.42
68,7/17/2025,1188,2041,403,0,1608.42
69,11/13/2025,1023,2029,401,2,0
70,9/22/2025,1147,2005,402,3,0
71,3/21/2025,1132,2083,404,2,614.53
72,7/14/2025,1046,2074,404,3,659.5
73,3/6/2025,1023,2060,403,3,1225.14
74,8/13/2025,1085,2041,401,1,1447.58
75,11/2/2025,1084,2052,404,2,2925.04
76,6/1/2025,1169,2051,401,3,117.32
77,6/5/2025,1022,2040,403,2,55.26
78,7/15/2025,1029,2098,404,0,3631.44
79,10/6/2025,1168,2069,404,3,232.39
80,8/4/2025,1013,2024,403,3,372.81
81,7/22/2025,1160,2056,401,1,472.25
82,7/28/2025,1068,2070,402,2,109.38
83,3/27/2025,1112,2089,404,0,2067.6
84,8/26/2025,1007,2080,402,1,1498.07
85,3/17/2025,1079,2070,401,3,34.18
86,11/2/2025,1023,2028,401,3,2551.76
87,7/31/2025,1030,2082,402,3,799.8
88,11/18/2025,1183,2037,403,3,2160.84
89,5/16/2025,1123,2060,402,3,2450.28
90,4/26/2025,1141,2018,404,1,2440.17
91,9/4/2025,1153,2065,402,0,470.34
92,9/20/2025,1070,2098,404,2,0
93,10/12/2025,1129,2034,401,2,108.94
94,6/22/2025,1185,2038,404,1,1667.72
95,10/7/2025,1114,2068,404,2,656.19
96,4/22/2025,1085,2070,404,3,0
97,6/4/2025,1082,2024,402,3,372.81
98,7/15/2025,1059,2099,404,0,1292.64
99,8/29/2025,1081,2095,404,3,490.79
100,11/18/2025,1098,2084,402,3,0
101,3/7/2025,1009,2016,403,0,969.06
102,6/5/2025,1112,2012,404,0,1869.57
103,7/29/2025,1184,2018,404,1,488.03
104,5/8/2025,1019,2060,403,2,0
105,3/12/2025,1159,2088,404,0,0
106,4/1/2025,1084,2086,404,2,2861.12
107,10/13/2025,1160,2091,404,0,905.79
108,4/24/2025,1158,2008,402,2,159.82
109,7/8/2025,1058,2095,401,3,2453.95
110,3/4/2025,1025,2097,401,3,842.1
111,11/15/2025,1042,2088,403,0,709.35
112,3/4/2025,1011,2041,401,2,0
113,12/4/2025,1091,2047,404,1,0
114,11/18/2025,1062,2067,404,1,0
115,10/28/2025,1043,2022,401,3,2684.72
116,5/2/2025,1158,2087,402,3,477.96
117,9/2/2025,1149,2018,402,3,1626.78
118,7/31/2025,1163,2032,404,2,756.48
119,10/13/2025,1170,2001,404,2,659.76
120,8/22/2025,1173,2069,402,0,464.78
121,5/8/2025,1113,2044,403,3,0
122,4/4/2025,1176,2032,404,2,756.48
123,6/14/2025,1050,2049,404,0,2819.52
124,3/10/2025,1060,2048,403,2,1144.42
125,5/9/2025,1179,2037,401,3,1440.56
126,4/4/2025,1070,2001,401,3,0
127,10/5/2025,1073,2099,402,2,0
128,6/22/2025,1056,2081,402,2,0
129,4/28/2025,1173,2096,402,0,672.18
130,10/13/2025,1160,2082,401,2,426.56
131,8/7/2025,1112,2004,403,1,1669.05
132,4/17/2025,1023,2037,403,3,2160.84
133,10/10/2025,1044,2025,402,2,223.7
134,10/26/2025,1135,2064,403,1,793.91
135,6/2/2025,1065,2061,403,2,639.74
136,9/30/2025,1029,2059,401,1,921.69
137,7/17/2025,1193,2028,404,2,1531.06
138,7/28/2025,1023,2050,401,2,298.85
139,5/15/2025,1137,2015,404,2,539.98
140,8/14/2025,1172,2095,403,3,2453.95
141,10/16/2025,1163,2047,401,1,301.48
142,5/10/2025,1120,2003,403,1,1039.99
143,7/15/2025,1165,2008,404,2,53.27
144,8/24/2025,1166,2052,401,1,658.13
145,7/3/2025,1011,2004,403,3,3709
146,10/4/2025,1029,2012,402,1,0
147,3/1/2025,1099,2058,403,3,666.75
148,2/22/2025,1150,2095,402,3,490.79
149,6/23/2025,1167,2012,404,3,0
150,7/14/2025,1071,2004,403,1,834.52
151,5/1/2025,1113,2056,402,2,839.55
152,9/15/2025,1025,2087,403,2,0
153,10/31/2025,1015,2050,403,1,504.31
154,11/24/2025,1031,2058,401,1,2400.3
155,2/23/2025,1164,2081,401,0,2984.88
156,12/3/2025,1085,2031,402,1,508.77
157,11/9/2025,1017,2097,402,1,757.89
158,3/8/2025,1059,2042,402,0,0
159,10/4/2025,1070,2018,402,2,0
160,9/15/2025,1044,2014,401,1,886.68
161,4/29/2025,1003,2045,402,2,499.42
162,4/7/2025,1004,2022,403,0,671.18
163,3/16/2025,1032,2094,404,0,493.35
164,4/30/2025,1190,2008,404,3,266.36
165,5/8/2025,1199,2046,401,3,167.15
166,5/3/2025,1128,2028,401,2,2041.41
167,7/12/2025,1117,2082,401,0,799.8
168,7/26/2025,1122,2051,404,0,234.64
169,9/30/2025,1125,2091,404,0,1811.58
170,3/14/2025,1020,2041,402,0,0
171,5/10/2025,1032,2035,403,3,4499.95
172,10/13/2025,1152,2067,403,3,872.85
173,6/29/2025,1129,2077,404,0,2809.15
174,9/17/2025,1179,2014,402,3,738.9
175,5/6/2025,1115,2029,404,2,0
176,6/28/2025,1116,2051,404,0,351.96
177,10/12/2025,1080,2054,403,2,3602.04
178,7/13/2025,1095,2019,404,0,933.93
179,3/4/2025,1023,2010,401,3,0
180,3/26/2025,1024,2095,403,1,3533.69
181,8/10/2025,1142,2007,403,0,583.39
182,6/3/2025,1105,2045,404,0,624.28
183,3/3/2025,1073,2076,403,2,1934.57
184,5/30/2025,1026,2073,402,1,1797.95
185,8/12/2025,1168,2061,402,0,599.76
186,11/19/2025,1089,2071,403,0,0
187,8/7/2025,1195,2035,402,3,0
188,8/26/2025,1143,2098,401,2,2178.86
189,4/19/2025,1007,2023,403,2,751.63
190,2/27/2025,1086,2044,401,1,373.64
191,5/20/2025,1036,2072,404,0,1260.9
192,11/19/2025,1036,2094,401,0,2466.75
193,8/14/2025,1191,2067,402,3,872.85
194,11/18/2025,1107,2058,403,1,1800.22
195,6/16/2025,1094,2039,403,0,1952.88
196,6/11/2025,1013,2019,402,0,0
197,4/21/2025,1172,2010,403,3,0
198,4/5/2025,1169,2054,404,3,900.51
199,7/7/2025,1106,2034,402,0,136.17
200,3/5/2025,1088,2055,401,2,129.46
201,3/16/2025,1173,2086,404,2,715.28
202,9/23/2025,1011,2028,404,0,0
203,8/23/2025,1001,2026,403,1,190.4
204,9/26/2025,1196,2017,403,2,370.96
205,5/19/2025,1083,2015,401,3,0
206,6/26/2025,1191,2055,402,1,48.55
207,11/30/2025,1097,2068,402,2,1312.38
208,5/6/2025,1018,2050,401,3,0
209,4/20/2025,1004,2058,401,2,1066.8
210,10/3/2025,1147,2054,404,3,2701.53
211,9/26/2025,1074,2014,404,0,738.9
212,11/11/2025,1083,2021,404,2,668.33
213,6/25/2025,1022,2055,401,1,97.09
214,10/1/2025,1111,2075,404,0,1561.28
215,4/11/2025,1101,2039,403,1,2636.39
216,5/6/2025,1085,2099,402,0,646.32
217,3/16/2025,1130,2081,401,1,1343.2
218,10/29/2025,1198,2044,403,1,186.82
219,3/30/2025,1060,2013,402,2,0
220,8/28/2025,1050,2022,402,0,671.18
221,5/10/2025,1045,2098,404,3,907.86
222,3/10/2025,1193,2072,404,2,1681.2
223,7/15/2025,1160,2040,402,3,138.16
224,9/18/2025,1017,2060,404,2,0
225,5/3/2025,1070,2075,401,2,624.51
226,7/1/2025,1129,2009,403,3,198.93
227,5/5/2025,1115,2004,401,2,2225.4
228,4/25/2025,1073,2009,401,3,66.31
229,4/13/2025,1118,2074,401,3,659.5
230,7/28/2025,1146,2083,402,2,614.53
231,8/27/2025,1154,2060,402,0,408.38
232,3/18/2025,1115,2013,403,0,2806.08
233,7/30/2025,1129,2082,402,0,1066.4
234,5/28/2025,1063,2090,404,3,71.64
235,3/5/2025,1134,2066,402,2,1238.54
236,11/2/2025,1095,2036,404,3,653.94
237,5/9/2025,1198,2043,401,2,1397.52
238,11/29/2025,1016,2042,401,3,0
239,5/6/2025,1072,2032,402,2,1512.96
240,5/30/2025,1020,2074,402,2,527.6
241,7/6/2025,1079,2083,404,1,691.34
242,5/2/2025,1152,2090,401,2,57.31
243,5/27/2025,1143,2048,403,1,0
244,5/14/2025,1171,2089,401,3,1654.08
245,9/20/2025,1130,2046,401,2,106.98
246,3/16/2025,1079,2023,402,2,3006.53
247,5/10/2025,1196,2062,402,1,1114.85
248,10/13/2025,1035,2019,401,2,0
249,10/14/2025,1025,2064,401,2,705.7
250,12/1/2025,1196,2079,402,3,2851.62
251,7/19/2025,1039,2020,402,1,338.25
252,9/12/2025,1184,2056,401,3,1574.16
253,6/18/2025,1093,2086,402,3,3576.4
254,11/3/2025,1156,2036,404,1,392.36
255,10/28/2025,1136,2030,403,3,509.91
256,11/28/2025,1049,2047,404,3,1674.9
257,4/9/2025,1196,2036,404,3,0
258,5/11/2025,1041,2025,402,2,671.09
259,6/27/2025,1013,2082,404,2,1066.4
260,3/11/2025,1141,2013,401,2,748.29
261,9/22/2025,1021,2097,402,2,673.68
262,6/21/2025,1115,2065,402,3,1881.36
263,3/17/2025,1023,2028,404,2,510.35
264,7/20/2025,1006,2053,401,3,610.15
265,10/6/2025,1128,2047,402,3,1004.94
266,3/19/2025,1020,2047,402,0,669.96
267,4/14/2025,1081,2012,403,1,1682.61
268,8/17/2025,1035,2004,403,3,927.25
269,5/7/2025,1178,2017,404,3,1854.8
270,3/13/2025,1157,2000,401,0,1938.62
271,11/29/2025,1065,2027,402,3,775.83
272,4/18/2025,1028,2099,403,1,3490.13
273,4/6/2025,1077,2015,401,1,1822.42
274,10/11/2025,1107,2081,404,0,2238.66
275,8/26/2025,1028,2063,401,1,994.43
276,4/1/2025,1183,2018,403,3,2711.3
277,2/26/2025,1000,2078,403,1,0
278,7/25/2025,1146,2053,402,0,1220.3
279,10/26/2025,1134,2046,401,0,33.43
280,11/6/2025,1099,2060,401,3,1633.52
281,5/4/2025,1095,2032,401,2,1512.96
282,7/21/2025,1017,2044,402,0,207.58
283,6/9/2025,1197,2074,403,1,593.55
284,3/4/2025,1011,2045,403,1,842.78
285,11/6/2025,1199,2087,404,3,159.32
286,11/11/2025,1161,2023,402,0,939.54
287,5/9/2025,1183,2099,404,0,1292.64
288,3/19/2025,1075,2025,401,1,0
289,10/6/2025,1010,2040,403,3,138.16
290,7/15/2025,1139,2060,403,0,1225.14
291,10/6/2025,1192,2082,402,2,213.28
292,4/20/2025,1091,2099,401,2,1034.11
293,10/7/2025,1069,2015,403,3,2699.88
294,10/4/2025,1102,2095,404,3,1472.37
295,8/19/2025,1086,2023,404,3,3758.16
296,4/30/2025,1094,2066,403,0,1032.12
297,5/25/2025,1186,2054,401,3,0
298,11/2/2025,1154,2023,403,2,751.63
299,11/4/2025,1026,2010,403,2,62.27
300,10/15/2025,1078,2057,404,1,393.28
301,4/17/2025,1176,2056,403,3,524.72
302,4/22/2025,1010,2093,403,3,0
303,10/10/2025,1070,2081,401,0,1492.44
304,10/10/2025,1171,2081,404,2,596.98
305,5/29/2025,1131,2095,402,0,1472.37
306,8/17/2025,1036,2077,404,0,1123.66
307,4/7/2025,1032,2008,402,2,106.54
308,11/14/2025,1092,2049,401,1,0
309,10/22/2025,1173,2057,403,2,349.58
310,9/30/2025,1113,2097,401,1,757.89
311,4/20/2025,1135,2046,404,2,80.23
312,9/18/2025,1166,2035,402,0,899.99
313,6/16/2025,1006,2094,402,3,1480.05
314,12/1/2025,1132,2049,401,2,1503.74
315,4/6/2025,1198,2033,404,1,2257.88
316,8/14/2025,1156,2036,404,1,784.73
317,8/18/2025,1031,2017,401,3,0
318,8/26/2025,1044,2091,404,0,1811.58
319,9/9/2025,1174,2040,403,0,34.54
320,9/7/2025,1140,2069,403,2,557.74
321,11/4/2025,1040,2091,402,2,724.63
322,3/16/2025,1130,2028,401,1,574.15
323,6/5/2025,1035,2030,404,0,339.94
324,4/28/2025,1092,2070,403,3,102.54
325,11/12/2025,1141,2016,401,0,0
326,8/1/2025,1079,2050,404,3,186.78
327,11/10/2025,1196,2052,401,1,2632.54
328,11/13/2025,1081,2082,401,3,1066.4
329,10/21/2025,1119,2087,403,1,0
330,2/27/2025,1199,2070,402,1,30.76
331,4/25/2025,1110,2064,401,0,0
332,9/14/2025,1132,2019,403,1,1681.07
333,7/26/2025,1041,2041,402,2,643.37
334,5/24/2025,1132,2036,401,2,348.77
335,12/4/2025,1050,2081,403,1,2686.39
336,5/28/2025,1160,2038,401,1,0
337,4/1/2025,1151,2074,402,1,1187.1
338,8/21/2025,1168,2079,403,0,1901.08
339,11/22/2025,1007,2010,401,2,62.27
340,7/25/2025,1166,2026,404,0,0
341,7/4/2025,1127,2080,403,2,1997.42
342,10/8/2025,1123,2031,404,2,1356.72
343,9/21/2025,1116,2009,401,1,119.36
344,10/8/2025,1112,2053,404,3,0
345,7/20/2025,1052,2043,402,2,698.76
346,9/23/2025,1183,2040,403,3,103.62
347,5/6/2025,1033,2097,403,0,4210.5
348,10/19/2025,1081,2030,404,0,339.94
349,10/31/2025,1068,2057,402,1,1179.85
350,10/18/2025,1024,2006,403,3,594
351,4/1/2025,1157,2053,402,1,1098.27
352,11/9/2025,1083,2073,403,1,2247.44
353,7/7/2025,1195,2020,404,3,1879.15
354,5/9/2025,1127,2039,404,0,1952.88
355,6/24/2025,1023,2050,404,1,0
356,4/23/2025,1055,2074,403,0,1978.5
357,5/3/2025,1012,2036,404,3,653.94
358,6/2/2025,1073,2068,401,0,2460.72
359,3/19/2025,1110,2017,403,2,370.96
360,7/18/2025,1195,2051,403,0,117.32
361,2/28/2025,1102,2006,402,2,792
362,3/16/2025,1141,2036,401,3,871.92
363,4/20/2025,1129,2057,403,0,1747.92
364,8/3/2025,1032,2012,404,2,997.1
365,4/1/2025,1086,2071,403,1,553.64
366,4/1/2025,1050,2077,404,0,561.83
367,4/16/2025,1011,2004,402,2,0
368,10/11/2025,1121,2066,404,1,0
369,9/19/2025,1155,2065,402,2,1128.82
370,9/24/2025,1156,2040,402,3,138.16
371,9/18/2025,1157,2094,403,2,1578.72
372,3/14/2025,1129,2065,404,2,752.54
373,11/14/2025,1121,2002,403,2,2771.2
374,12/3/2025,1172,2014,404,2,197.04
375,9/26/2025,1185,2088,401,3,2128.05
376,7/24/2025,1067,2083,402,0,0
377,7/4/2025,1149,2061,402,3,1199.52
378,10/1/2025,1037,2087,402,0,318.64
379,8/24/2025,1146,2089,401,1,744.34
380,7/9/2025,1004,2056,403,3,2098.88
381,4/20/2025,1038,2052,402,3,2193.78
382,4/15/2025,1128,2099,404,0,3877.92
383,8/16/2025,1180,2017,402,2,741.92
384,3/11/2025,1169,2061,404,2,319.87
385,6/27/2025,1044,2058,403,2,1066.8
386,4/28/2025,1173,2098,403,3,3631.44
387,11/13/2025,1049,2031,403,2,1356.72
388,3/16/2025,1057,2038,403,1,2501.58
389,10/18/2025,1176,2090,404,2,343.87
390,10/5/2025,1122,2044,403,2,166.06
391,10/15/2025,1031,2073,404,3,1498.29
392,10/19/2025,1088,2098,402,2,726.29
393,3/14/2025,1010,2036,401,2,348.77
394,5/27/2025,1113,2083,403,3,3072.64
395,10/3/2025,1054,2025,403,2,671.09
396,8/29/2025,1035,2013,402,1,1683.65
397,9/27/2025,1012,2085,402,1,217.94
398,9/28/2025,1013,2012,404,2,1994.21
399,10/12/2025,1183,2060,401,1,367.54
400,6/11/2025,1001,2070,402,3,102.54
401,7/9/2025,1167,2060,404,1,735.08
402,11/7/2025,1193,2036,403,2,348.77
403,11/13/2025,1165,2007,401,1,0
404,7/2/2025,1136,2094,401,1,1776.06
405,4/6/2025,1106,2022,401,3,671.18
406,11/17/2025,1126,2023,403,0,0
407,7/30/2025,1002,2038,401,2,1482.42
408,10/21/2025,1072,2058,404,1,1200.15
409,6/9/2025,1129,2059,403,1,1382.54
410,8/9/2025,1028,2042,402,3,502.83
411,3/16/2025,1165,2032,402,0,0
412,11/27/2025,1188,2043,403,1,1572.21
413,8/17/2025,1044,2078,404,3,426.03
414,2/27/2025,1131,2041,401,3,3216.84
415,8/8/2025,1171,2012,402,1,1121.74
416,6/6/2025,1122,2041,402,0,1608.42
417,10/15/2025,1066,2049,402,3,0
418,8/4/2025,1192,2034,403,2,326.81
419,8/14/2025,1149,2092,401,2,1157.3
420,8/9/2025,1167,2046,402,0,133.72
421,7/31/2025,1170,2015,404,2,0
422,2/25/2025,1040,2051,403,0,469.28
423,6/13/2025,1163,2037,403,1,0
424,9/16/2025,1056,2017,404,1,834.66
425,9/27/2025,1116,2095,403,3,490.79
426,5/5/2025,1179,2070,404,1,61.52
427,5/11/2025,1195,2031,401,3,1695.9
428,7/30/2025,1135,2090,403,0,0
429,6/18/2025,1144,2014,401,1,443.34
430,11/2/2025,1146,2068,402,1,2952.86
431,4/12/2025,1083,2066,404,0,516.06
432,5/16/2025,1174,2026,404,0,423.12
433,10/7/2025,1130,2057,401,3,1747.92
434,10/27/2025,1033,2065,404,3,0
435,7/13/2025,1144,2007,404,2,933.42
436,4/7/2025,1185,2002,404,2,692.8
437,7/10/2025,1000,2095,402,0,0
438,7/30/2025,1011,2054,403,0,900.51
439,9/29/2025,1138,2007,401,3,2333.56
440,9/3/2025,1008,2036,404,1,196.18
441,5/2/2025,1196,2017,404,2,741.92
442,10/7/2025,1097,2057,404,3,436.98
443,9/27/2025,1020,2087,402,2,637.28
444,4/3/2025,1030,2022,404,1,604.06
445,3/30/2025,1186,2028,401,0,2551.76
446,9/27/2025,1076,2059,404,3,1536.15
447,5/25/2025,1058,2031,404,2,0
448,11/11/2025,1039,2035,402,0,899.99
449,9/15/2025,1008,2084,404,0,845.55
450,12/1/2025,1061,2026,401,0,423.12
451,3/16/2025,1152,2004,404,0,2781.75
452,5/15/2025,1062,2094,401,3,1973.4
453,6/27/2025,1112,2029,402,0,13.51
454,9/21/2025,1035,2064,403,1,0
455,11/9/2025,1187,2073,403,2,399.54
456,6/3/2025,1060,2038,402,1,3335.44
457,7/31/2025,1105,2038,403,0,1853.02
458,6/19/2025,1142,2075,402,3,3903.2
459,9/1/2025,1142,2063,401,2,1325.9
460,6/3/2025,1164,2085,404,2,387.44
461,11/10/2025,1178,2053,404,1,1647.4
462,11/10/2025,1076,2048,402,3,1072.89
463,6/1/2025,1061,2028,403,1,1148.29
464,5/22/2025,1118,2007,404,3,1750.17
465,5/19/2025,1142,2067,402,3,1163.8
466,12/4/2025,1062,2032,402,2,756.48
467,8/11/2025,1165,2010,404,2,124.54
468,10/28/2025,1023,2068,402,0,2460.72
469,7/14/2025,1068,2048,401,0,715.26
470,11/20/2025,1048,2097,402,3,0
471,11/14/2025,1053,2042,403,0,167.61
472,4/15/2025,1054,2024,401,3,372.81
473,7/24/2025,1062,2089,402,3,1240.56
474,11/22/2025,1061,2070,403,2,27.34
475,11/19/2025,1097,2059,403,2,0
476,4/14/2025,1066,2046,404,3,200.58
477,9/2/2025,1025,2092,404,2,771.54
478,9/30/2025,1052,2047,403,3,334.98
479,7/17/2025,1011,2072,402,1,756.54
480,4/1/2025,1004,2033,404,2,0
481,8/13/2025,1039,2025,403,1,503.32
482,8/28/2025,1097,2072,402,3,420.3
483,9/9/2025,1140,2083,403,2,1843.58
484,7/8/2025,1195,2062,404,3,3096.8
485,6/10/2025,1043,2093,403,1,1360.69
486,7/18/2025,1035,2092,404,1,0
487,6/17/2025,1138,2082,401,0,533.2
488,6/29/2025,1019,2085,401,0,484.3
489,7/25/2025,1105,2017,402,0,1391.1
490,8/21/2025,1181,2019,401,1,4202.68
491,2/27/2025,1129,2058,403,0,1333.5
492,8/14/2025,1158,2081,404,3,2984.88
493,6/9/2025,1004,2000,404,0,2907.93
494,11/18/2025,1004,2067,403,2,465.52
495,8/22/2025,1004,2064,404,1,1323.18
496,10/28/2025,1027,2012,402,1,1121.74
497,8/11/2025,1049,2079,403,2,3802.16
498,11/17/2025,1068,2050,401,2,0
499,7/7/2025,1103,2058,402,1,600.08
500,4/6/2025,1076,2087,401,0,159.32
501,4/12/2025,1023,2051,404,3,351.96
502,7/26/2025,1141,2060,401,0,408.38
503,5/24/2025,1179,2021,401,3,835.41
504,4/20/2025,1111,2082,403,0,0
505,7/26/2025,1135,2005,402,1,1157.71
506,5/19/2025,1177,2072,404,2,1008.72
507,8/16/2025,1011,2009,403,0,0
508,3/13/2025,1045,2040,401,1,31.09
509,6/10/2025,1150,2018,404,0,1084.52
510,9/27/2025,1076,2020,402,3,2254.98
511,9/8/2025,1173,2069,403,3,232.39
512,11/2/2025,1193,2094,402,0,1480.05
513,4/23/2025,1128,2095,403,0,0
514,2/24/2025,1025,2055,402,0,107.88
515,5/27/2025,1087,2077,404,2,449.46
516,10/26/2025,1007,2081,403,3,746.22
517,4/13/2025,1125,2029,403,3,40.53
518,12/2/2025,1110,2023,404,0,1879.08
519,10/7/2025,1197,2079,403,1,855.49
520,11/16/2025,1182,2009,401,2,53.05
521,7/10/2025,1039,2048,402,3,357.63
522,11/29/2025,1081,2046,401,0,33.43
523,8/26/2025,1001,2039,404,2,2343.46
524,11/26/2025,1194,2034,401,1,245.11
525,10/8/2025,1022,2023,404,3,5637.24
526,5/8/2025,1142,2071,404,0,615.16
527,8/5/2025,1006,2011,403,0,1229.22
528,5/28/2025,1152,2076,403,3,2418.21
529,2/26/2025,1003,2037,404,3,1440.56
530,6/6/2025,1199,2010,402,1,210.17
531,10/23/2025,1175,2048,402,1,965.6
532,4/6/2025,1068,2038,403,3,0
533,8/18/2025,1037,2008,402,3,266.36
534,11/16/2025,1070,2053,403,3,1830.45
535,9/23/2025,1005,2009,403,2,53.05
536,5/8/2025,1063,2092,404,1,867.98
537,4/24/2025,1117,2013,402,2,2244.86
538,6/24/2025,1001,2050,403,3,0
539,3/12/2025,1084,2056,403,3,1574.16
540,4/11/2025,1166,2076,402,2,0
541,6/22/2025,1082,2077,402,3,0
542,11/15/2025,1080,2022,404,2,1073.89
543,7/24/2025,1074,2094,404,1,444.02
544,6/11/2025,1083,2048,403,3,0
545,5/26/2025,1093,2014,402,1,221.67
546,11/17/2025,1174,2098,401,3,2723.58
547,9/30/2025,1181,2026,404,2,507.74
548,9/29/2025,1177,2008,404,3,332.95
549,10/29/2025,1035,2081,403,1,1343.2
550,9/26/2025,1064,2084,402,3,845.55
551,3/8/2025,1096,2009,404,3,198.93
552,4/27/2025,1149,2051,404,0,0
553,5/14/2025,1092,2089,401,0,827.04
554,11/7/2025,1196,2031,403,1,1526.31
555,3/14/2025,1165,2078,401,3,142.01
556,7/8/2025,1192,2042,404,0,1005.66
557,9/28/2025,1002,2012,403,1,560.87
558,7/20/2025,1130,2095,402,3,1963.16
559,5/13/2025,1095,2050,404,1,168.1
560,6/7/2025,1088,2003,404,0,385.18
561,12/3/2025,1075,2053,401,0,1830.45
562,9/4/2025,1186,2018,403,2,1301.42
563,5/24/2025,1087,2058,402,3,2667
564,5/9/2025,1089,2060,401,3,408.38
565,6/27/2025,1184,2089,404,2,1984.9
566,8/25/2025,1017,2038,401,0,0
567,5/11/2025,1005,2043,401,1,786.1
568,9/12/2025,1189,2031,402,1,2035.08
569,2/24/2025,1084,2071,404,3,0
570,8/16/2025,1059,2051,402,1,527.94
571,6/5/2025,1163,2084,404,3,845.55
572,6/14/2025,1007,2094,402,3,493.35
573,3/14/2025,1151,2054,404,0,0
574,9/13/2025,1180,2027,402,2,0
575,7/14/2025,1192,2090,401,0,286.56
576,5/26/2025,1137,2023,403,2,1503.26
577,7/8/2025,1050,2058,401,2,1066.8
578,8/8/2025,1171,2062,403,3,619.36
579,5/29/2025,1156,2050,401,2,0
580,10/12/2025,1090,2058,402,2,1066.8
581,10/25/2025,1157,2075,401,1,702.58
582,8/21/2025,1080,2015,402,2,1619.93
583,5/30/2025,1029,2023,403,1,0
584,3/16/2025,1130,2049,404,1,845.86
585,11/11/2025,1147,2049,404,1,845.86
586,11/23/2025,1124,2081,402,1,2686.39
587,10/7/2025,1125,2036,402,1,588.55
588,7/18/2025,1080,2057,401,2,699.17
589,9/4/2025,1002,2062,402,1,1114.85
590,4/17/2025,1098,2071,404,3,1845.48
591,10/27/2025,1175,2062,404,3,1858.08
592,4/4/2025,1125,2021,401,0,1670.82
593,6/10/2025,1194,2028,403,0,637.94
594,11/25/2025,1070,2028,403,1,0
595,4/5/2025,1199,2058,404,0,2667
596,3/12/2025,1146,2014,403,2,0
597,3/26/2025,1138,2096,401,3,2688.72
598,4/8/2025,1139,2027,404,0,258.61
599,10/28/2025,1188,2083,402,2,1229.06
600,7/2/2025,1008,2057,403,2,699.17
601,8/16/2025,1022,2056,401,1,2361.24
602,2/28/2025,1053,2094,403,3,493.35
603,9/18/2025,1042,2078,402,1,127.81
604,6/14/2025,1052,2007,403,2,2333.56
605,6/17/2025,1152,2068,402,2,656.19
606,3/24/2025,1180,2037,403,2,288.11
607,7/11/2025,1131,2086,401,1,2414.07
608,4/12/2025,1192,2052,401,2,0
609,3/15/2025,1167,2016,402,1,290.72
610,8/6/2025,1037,2091,403,1,0
611,7/9/2025,1194,2086,404,3,0
612,8/12/2025,1036,2073,403,3,1997.72
613,5/29/2025,1096,2057,401,0,1310.94
614,11/2/2025,1103,2065,403,2,376.27
615,8/7/2025,1116,2062,403,0,1238.72
616,7/11/2025,1198,2093,401,3,0
617,7/2/2025,1162,2085,403,0,0
618,9/13/2025,1136,2050,402,3,933.9
619,4/28/2025,1054,2063,403,2,441.97
620,8/6/2025,1072,2043,402,3,4367.25
621,2/24/2025,1087,2087,401,0,637.28
622,5/20/2025,1025,2080,404,0,3329.04
623,8/31/2025,1031,2020,404,3,1127.49
624,11/7/2025,1000,2054,402,1,1620.92
625,4/8/2025,1166,2038,402,2,2223.62
626,8/31/2025,1023,2083,403,2,1229.06
627,8/17/2025,1021,2047,402,0,1674.9
628,9/25/2025,1101,2080,403,1,3745.17
629,8/18/2025,1109,2083,401,0,768.16
630,11/8/2025,1000,2027,404,0,517.22
631,6/24/2025,1033,2075,402,3,780.64
632,3/8/2025,1002,2001,403,0,824.7
633,10/10/2025,1108,2088,402,3,3546.75
634,11/8/2025,1018,2029,404,0,27.02
635,4/8/2025,1187,2013,401,2,2993.15
636,5/18/2025,1094,2038,402,3,926.51
637,5/28/2025,1198,2096,402,1,1814.89
638,4/13/2025,1017,2067,401,1,523.71
639,4/28/2025,1112,2044,402,1,560.47
640,10/20/2025,1105,2078,404,1,383.43
641,10/24/2025,1022,2012,402,0,623.19
642,10/9/2025,1150,2093,404,2,1814.26
643,9/22/2025,1109,2040,402,1,31.09
644,3/9/2025,1070,2082,401,1,719.82
645,8/3/2025,1141,2076,403,0,3224.28
646,7/6/2025,1168,2038,402,1,1667.72
647,7/11/2025,1191,2050,403,0,560.34
648,9/8/2025,1005,2030,404,3,679.88
649,9/27/2025,1028,2030,404,0,509.91
650,10/20/2025,1135,2001,403,2,989.64
651,2/24/2025,1033,2049,404,2,751.87
652,10/22/2025,1139,2087,402,3,0
653,5/16/2025,1197,2009,401,0,265.24
654,8/27/2025,1003,2033,402,0,836.25
655,9/11/2025,1015,2050,403,3,560.34
656,7/11/2025,1108,2089,404,0,413.52
657,5/15/2025,1163,2068,402,2,3280.96
658,7/29/2025,1021,2039,401,1,878.8
659,12/1/2025,1039,2068,403,3,2460.72
660,6/3/2025,1150,2081,401,2,1193.95
661,8/13/2025,1178,2055,402,0,53.94
662,11/1/2025,1062,2011,404,0,0
663,11/25/2025,1116,2078,401,2,0
664,10/18/2025,1170,2094,402,0,986.7
665,5/30/2025,1003,2090,402,0,143.28
666,7/24/2025,1041,2063,403,2,1325.9
667,12/2/2025,1042,2047,402,2,803.95
668,10/29/2025,1187,2015,401,2,0
669,5/26/2025,1109,2034,401,2,326.81
670,5/27/2025,1182,2073,401,3,499.43
671,5/20/2025,1116,2065,403,0,470.34
672,4/11/2025,1127,2072,402,2,1008.72
673,11/26/2025,1040,2032,401,0,0
674,7/22/2025,1058,2094,401,0,493.35
675,8/9/2025,1003,2031,401,3,1695.9
676,4/13/2025,1093,2049,402,1,1691.71
677,5/14/2025,1009,2070,404,1,30.76
678,8/26/2025,1082,2031,404,2,452.24
679,6/25/2025,1069,2009,403,0,0
680,8/21/2025,1128,2086,401,1,804.69
681,11/19/2025,1057,2066,401,3,1548.18
682,11/8/2025,1017,2059,403,2,409.64
683,3/12/2025,1083,2011,404,0,1638.96
684,10/14/2025,1094,2025,403,2,223.7
685,9/23/2025,1189,2079,402,3,3802.16
686,6/16/2025,1094,2075,404,1,702.58
687,10/6/2025,1187,2069,402,1,627.45
688,8/9/2025,1001,2052,401,1,0
689,11/15/2025,1138,2044,401,2,166.06
690,11/16/2025,1000,2097,404,2,1347.36
691,8/10/2025,1026,2026,402,3,211.56
692,5/1/2025,1125,2007,402,2,933.42
693,4/6/2025,1023,2005,402,3,1286.34
694,7/11/2025,1179,2047,404,0,669.96
695,8/25/2025,1148,2012,402,3,3115.95
696,8/13/2025,1019,2075,401,3,2341.92
697,10/18/2025,1169,2016,402,2,775.25
698,9/13/2025,1066,2040,404,2,55.26
699,12/4/2025,1081,2057,403,1,393.28
700,6/7/2025,1019,2025,402,0,559.24
701,5/15/2025,1039,2013,402,3,4676.8
702,7/25/2025,1119,2040,404,0,69.08
703,3/8/2025,1137,2045,402,3,0
704,11/7/2025,1078,2059,403,0,1536.15
705,8/29/2025,1023,2020,403,0,0
706,9/7/2025,1055,2041,402,0,4021.05
707,8/17/2025,1182,2031,403,3,1695.9
708,2/28/2025,1131,2006,403,2,475.2
709,8/26/2025,1044,2003,404,3,1155.54
710,5/5/2025,1142,2095,402,0,2453.95
711,3/30/2025,1118,2013,402,0,1870.72
712,5/10/2025,1003,2007,402,1,1050.1
713,6/7/2025,1050,2051,403,0,117.32
714,10/12/2025,1149,2075,403,0,780.64
715,7/6/2025,1005,2008,402,3,466.13
716,9/25/2025,1032,2011,403,0,409.74
717,12/1/2025,1010,2059,401,1,921.69
718,8/17/2025,1146,2055,404,3,0
719,5/7/2025,1007,2048,404,1,1287.47
720,9/15/2025,1090,2027,402,2,413.78
721,11/24/2025,1071,2057,402,0,1310.94
722,8/6/2025,1157,2079,402,2,2281.3
723,4/15/2025,1127,2052,404,0,2193.78
724,7/9/2025,1022,2035,404,1,1619.98
725,11/26/2025,1107,2025,402,0,279.62
726,3/24/2025,1097,2091,403,3,2717.37
727,11/14/2025,1139,2062,403,2,1486.46
728,7/18/2025,1099,2034,402,0,408.51
729,2/22/2025,1081,2076,402,0,2418.21
730,8/19/2025,1199,2035,401,3,2699.97
731,4/24/2025,1135,2045,402,1,842.78
732,5/30/2025,1025,2031,402,2,904.48
733,11/26/2025,1136,2094,401,1,0
734,8/5/2025,1147,2049,403,1,3383.42
735,9/29/2025,1045,2030,403,2,407.93
736,2/25/2025,1151,2003,403,1,693.32
737,5/24/2025,1144,2024,404,2,298.25
738,7/19/2025,1044,2062,401,0,1238.72
739,8/25/2025,1014,2029,402,0,13.51
740,10/17/2025,1134,2061,401,2,639.74
741,3/14/2025,1157,2025,402,2,671.09
742,9/2/2025,1183,2022,403,0,2684.72
743,9/11/2025,1005,2018,402,0,542.26
744,8/27/2025,1134,2046,401,2,53.49
745,11/6/2025,1180,2084,404,0,281.85
746,12/3/2025,1086,2038,403,1,1667.72
747,6/26/2025,1040,2093,404,3,755.94
748,4/24/2025,1166,2040,402,2,27.63
749,7/27/2025,1057,2085,402,3,1452.9
750,3/4/2025,1078,2093,403,1,0
751,11/5/2025,1045,2093,401,3,2267.82
752,7/9/2025,1197,2072,401,1,1513.08
753,10/14/2025,1154,2040,402,0,69.08
754,3/1/2025,1127,2018,403,0,0
755,11/20/2025,1060,2044,403,1,934.11
756,9/3/2025,1162,2011,403,3,1229.22
757,11/25/2025,1002,2033,402,1,3010.5
758,8/21/2025,1177,2008,403,2,159.82
759,11/11/2025,1027,2092,401,0,482.21
760,10/15/2025,1098,2056,404,1,944.5
761,7/22/2025,1105,2063,404,2,2209.84
762,4/14/2025,1139,2048,401,3,357.63
763,8/13/2025,1147,2083,402,1,691.34
764,3/19/2025,1115,2009,401,2,53.05
765,8/25/2025,1005,2040,403,0,103.62
766,3/29/2025,1018,2043,402,3,2620.35
767,4/20/2025,1041,2093,401,0,755.94
768,6/2/2025,1086,2076,404,0,0
769,5/16/2025,1110,2083,402,3,768.16
770,6/18/2025,1040,2006,401,2,0
771,8/9/2025,1052,2024,404,2,298.25
772,7/9/2025,1169,2036,403,1,392.36
773,5/29/2025,1024,2006,404,3,0
774,4/11/2025,1039,2006,403,0,198
775,5/17/2025,1109,2011,403,3,1638.96
776,11/2/2025,1051,2012,401,1,1121.74
777,10/11/2025,1043,2081,403,0,746.22
778,9/20/2025,1121,2014,403,3,985.2
779,6/20/2025,1120,2062,403,0,2477.44
780,9/20/2025,1164,2069,404,1,0
781,7/20/2025,1094,2048,403,1,321.87
782,11/14/2025,1114,2005,403,3,428.78
783,4/10/2025,1119,2033,402,2,1338
784,4/22/2025,1144,2007,402,0,1166.78
785,4/19/2025,1021,2085,403,3,0
786,6/17/2025,1193,2075,402,0,1561.28
787,5/1/2025,1099,2066,404,3,0
788,3/20/2025,1146,2030,404,2,543.9
789,6/18/2025,1020,2050,401,1,168.1
790,8/23/2025,1030,2096,404,1,3024.81
791,8/14/2025,1042,2027,402,1,232.75
792,3/23/2025,1010,2054,401,3,900.51
793,10/19/2025,1051,2080,402,2,0
794,2/23/2025,1081,2093,401,0,755.94
795,4/1/2025,1099,2071,404,2,984.26
796,11/7/2025,1070,2066,404,0,0
797,7/18/2025,1179,2079,404,0,2851.62
798,10/29/2025,1106,2019,402,0,3735.72
799,3/18/2025,1027,2072,401,2,672.48
800,10/18/2025,1137,2044,404,2,830.32
801,7/3/2025,1098,2083,404,3,2304.48
802,6/24/2025,1009,2022,403,3,2684.72
803,8/10/2025,1036,2079,404,0,950.54
804,4/2/2025,1101,2042,402,0,335.22
805,5/7/2025,1190,2060,403,2,0
806,11/28/2025,1005,2043,403,2,2096.28
807,6/17/2025,1071,2062,401,1,557.42
808,10/13/2025,1034,2038,404,2,2223.62
809,6/2/2025,1068,2093,404,0,2267.82
810,3/3/2025,1048,2056,402,3,524.72
811,9/7/2025,1189,2062,403,0,1858.08
812,6/21/2025,1131,2020,401,2,0
813,4/3/2025,1181,2064,404,1,264.64
814,7/10/2025,1199,2067,401,1,0
815,10/8/2025,1049,2025,401,1,503.32
816,7/24/2025,1008,2058,401,2,533.4
817,11/5/2025,1180,2025,403,2,894.78
818,11/5/2025,1118,2064,404,0,882.12
819,3/20/2025,1174,2003,402,2,308.14
820,9/26/2025,1125,2076,404,1,725.46
821,6/1/2025,1121,2075,403,2,2498.05
822,5/18/2025,1041,2033,401,2,669
823,8/4/2025,1007,2049,401,1,845.86
824,6/27/2025,1146,2099,402,1,581.69
825,3/6/2025,1165,2028,402,2,1531.06
826,4/24/2025,1166,2052,401,0,731.26
827,4/28/2025,1121,2016,402,0,646.04
828,4/8/2025,1057,2032,403,2,3782.4
829,12/3/2025,1108,2048,403,3,357.63
830,6/9/2025,1064,2027,404,2,413.78
831,5/23/2025,1173,2066,404,0,2580.3
832,7/9/2025,1001,2065,403,2,376.27
833,3/25/2025,1076,2087,401,3,796.6
834,11/23/2025,1016,2043,403,2,2795.04
835,11/16/2025,1070,2033,403,1,752.62
836,8/9/2025,1038,2066,402,0,1032.12
837,9/18/2025,1153,2051,403,1,316.76
838,8/1/2025,1184,2003,404,2,1848.86
839,9/27/2025,1066,2053,404,3,0
840,7/16/2025,1188,2004,402,2,2967.2
841,10/22/2025,1185,2091,402,3,3623.16
842,10/22/2025,1171,2045,403,1,280.93
843,10/24/2025,1168,2071,402,2,1968.51
844,6/12/2025,1024,2060,402,2,326.7
845,11/18/2025,1185,2071,402,2,984.26
846,4/30/2025,1167,2011,402,2,327.79
847,10/17/2025,1057,2095,403,3,2453.95
848,8/21/2025,1084,2047,403,2,803.95
849,8/25/2025,1118,2015,404,0,4049.82
850,8/2/2025,1162,2074,401,3,659.5
851,6/28/2025,1049,2064,401,3,882.12
852,5/1/2025,1135,2038,404,0,926.51
853,4/7/2025,1038,2017,402,2,741.92
854,11/22/2025,1104,2072,404,1,1134.81
855,4/30/2025,1080,2091,402,0,2717.37
856,5/2/2025,1124,2042,402,2,0
857,8/15/2025,1162,2007,401,3,583.39
858,11/7/2025,1070,2026,402,1,190.4
859,11/20/2025,1125,2097,401,1,3031.56
860,4/16/2025,1157,2055,404,3,53.94
861,3/14/2025,1109,2061,404,0,799.68
862,10/3/2025,1009,2068,402,2,0
863,3/14/2025,1003,2041,402,0,2412.63
864,8/27/2025,1173,2000,402,1,872.38
865,8/16/2025,1177,2044,403,1,373.64
866,4/2/2025,1026,2049,403,1,3383.42
867,9/29/2025,1016,2005,403,2,686.05
868,11/23/2025,1116,2093,403,3,755.94
869,5/20/2025,1175,2017,403,3,463.7
870,6/11/2025,1091,2096,402,1,1209.92
871,10/31/2025,1103,2002,402,1,779.4
872,3/8/2025,1186,2016,402,0,646.04
873,4/8/2025,1150,2064,402,0,294.04
874,11/23/2025,1093,2091,401,3,2717.37
875,2/25/2025,1163,2032,401,0,0
876,8/5/2025,1169,2013,401,0,935.36
877,7/6/2025,1176,2014,404,3,1231.5
878,4/30/2025,1097,2015,403,3,2699.88
879,7/26/2025,1179,2019,402,0,1867.86
880,10/19/2025,1077,2053,401,2,976.24
881,6/3/2025,1159,2077,402,3,561.83
882,5/9/2025,1026,2065,401,2,1881.36
883,3/12/2025,1029,2013,404,1,0
884,11/22/2025,1155,2025,403,1,503.32
885,4/3/2025,1091,2090,404,2,171.94
886,8/13/2025,1041,2005,404,1,385.9
887,5/28/2025,1176,2061,403,1,359.86
888,11/14/2025,1000,2001,401,0,1649.4
889,3/27/2025,1146,2085,404,1,653.81
890,6/6/2025,1023,2099,401,0,1292.64
891,8/12/2025,1065,2082,402,3,266.6
892,12/4/2025,1075,2033,404,0,2508.75
893,9/15/2025,1025,2022,401,2,1073.89
894,11/4/2025,1092,2086,403,3,894.1
895,9/18/2025,1189,2014,401,0,0
896,11/8/2025,1002,2017,402,2,0
897,11/10/2025,1091,2056,403,0,1049.44
898,5/28/2025,1095,2043,402,0,0
899,4/7/2025,1102,2051,404,2,93.86
900,11/13/2025,1098,2088,404,3,0
901,3/1/2025,1166,2021,401,1,0
902,8/10/2025,1178,2092,401,1,867.98
903,3/6/2025,1026,2053,404,3,1830.45
904,2/22/2025,1046,2078,404,2,454.43
905,10/12/2025,1156,2003,402,3,1925.9
906,5/26/2025,1124,2014,404,3,0
907,7/18/2025,1011,2008,403,2,106.54
908,11/4/2025,1003,2090,402,2,57.31
909,12/4/2025,1132,2066,401,3,1548.18
910,8/31/2025,1169,2093,402,3,755.94
911,11/18/2025,1088,2084,404,1,0
912,8/23/2025,1142,2078,401,0,568.04
913,6/5/2025,1164,2020,404,3,1879.15
914,4/26/2025,1042,2009,404,2,53.05
915,5/25/2025,1061,2042,403,0,167.61
916,8/16/2025,1129,2028,404,3,2551.76
917,5/24/2025,1060,2010,404,3,544.88
918,7/30/2025,1146,2057,401,3,436.98
919,5/4/2025,1114,2040,401,3,34.54
920,10/13/2025,1190,2083,401,0,2304.48
921,9/1/2025,1103,2052,401,0,2193.78
922,3/13/2025,1023,2077,403,1,505.65
923,8/21/2025,1167,2085,404,2,387.44
924,8/10/2025,1093,2006,402,3,594
925,9/17/2025,1084,2071,404,2,492.13
926,7/28/2025,1183,2057,401,0,873.96
927,8/1/2025,1194,2084,402,0,563.7
928,3/6/2025,1087,2045,403,2,499.42
929,8/7/2025,1179,2013,401,1,1683.65
930,6/10/2025,1126,2017,404,0,927.4
931,10/8/2025,1065,2078,402,1,127.81
932,8/11/2025,1030,2050,402,3,186.78
933,4/18/2025,1005,2024,403,0,621.35
934,3/4/2025,1193,2053,401,0,1830.45
935,11/18/2025,1197,2057,404,1,1179.85
936,7/14/2025,1127,2000,401,3,969.31
937,9/24/2025,1149,2061,402,1,359.86
938,4/21/2025,1187,2016,401,3,2584.16
939,10/9/2025,1168,2076,403,3,2418.21
940,12/1/2025,1107,2077,402,2,898.93
941,5/30/2025,1101,2043,403,3,3493.8
942,9/8/2025,1034,2017,404,2,0
943,9/30/2025,1179,2070,403,1,61.52
944,10/30/2025,1051,2026,403,2,338.5
945,8/11/2025,1172,2016,402,2,516.83
946,3/16/2025,1181,2014,403,3,246.3
947,8/14/2025,1149,2073,404,2,799.09
948,4/17/2025,1108,2001,401,0,412.35
949,11/24/2025,1097,2018,401,0,1084.52
950,4/5/2025,1051,2034,402,2,217.87
951,7/9/2025,1174,2032,402,0,4728
952,8/6/2025,1176,2037,402,0,720.28
953,9/15/2025,1091,2057,401,1,786.56
954,4/16/2025,1190,2082,404,1,239.94
955,3/1/2025,1130,2089,403,0,413.52
956,4/27/2025,1097,2049,404,2,0
957,7/12/2025,1141,2006,401,2,0
958,8/20/2025,1051,2079,404,1,1710.97
959,4/23/2025,1162,2090,403,1,257.9
960,9/15/2025,1198,2092,402,2,771.54
961,9/9/2025,1114,2022,401,1,3020.31
962,6/7/2025,1044,2094,401,3,493.35
963,10/2/2025,1010,2054,403,2,720.41
964,7/4/2025,1033,2020,403,0,751.66
965,4/30/2025,1084,2059,402,0,0
966,6/7/2025,1039,2041,401,2,0
967,9/9/2025,1125,2073,403,0,1997.72
968,4/8/2025,1005,2090,403,1,193.43
969,4/30/2025,1047,2066,401,1,464.45
970,6/11/2025,1106,2069,404,0,464.78
971,5/18/2025,1089,2028,402,2,0
972,9/26/2025,1084,2046,403,1,0
973,5/7/2025,1192,2079,404,0,950.54
974,11/30/2025,1029,2085,403,3,726.45
975,2/25/2025,1061,2082,402,0,533.2
976,3/17/2025,1174,2041,404,0,804.21
977,4/6/2025,1098,2032,403,0,0
978,5/19/2025,1132,2098,403,3,3631.44
979,5/2/2025,1124,2005,403,1,1157.71
980,9/20/2025,1082,2065,401,0,1411.02
981,8/1/2025,1042,2098,401,0,4539.3
982,8/11/2025,1053,2085,402,3,726.45
983,9/23/2025,1026,2026,404,0,423.12
984,2/23/2025,1191,2087,402,0,477.96
985,4/17/2025,1117,2091,403,0,1811.58
986,11/24/2025,1022,2009,401,1,119.36
987,4/13/2025,1064,2071,401,1,1107.29
988,9/27/2025,1066,2052,404,3,5118.82
989,11/8/2025,1161,2051,404,2,375.42
990,11/22/2025,1004,2049,401,0,939.84
991,7/26/2025,1164,2092,401,0,2893.26
992,6/8/2025,1179,2009,403,0,66.31
993,4/5/2025,1074,2087,403,0,477.96
994,9/14/2025,1072,2097,404,3,842.1
995,5/28/2025,1101,2084,401,3,1127.4
996,10/15/2025,1040,2068,402,1,2952.86
997,2/24/2025,1191,2050,403,1,504.31
998,7/10/2025,1076,2086,403,0,2682.3
999,10/31/2025,1141,2071,402,0,1230.32
1000,8/16/2025,1010,2000,404,0,3877.24
1001,6/12/2025,1078,2026,403,1,761.62
1002,5/31/2025,1105,2082,402,1,239.94
1003,10/13/2025,1047,2028,403,1,1148.29
1004,9/2/2025,1029,2023,401,3,2818.62
1005,9/2/2025,1165,2070,401,2,54.69
1006,3/29/2025,1171,2008,403,0,133.18
1007,10/11/2025,1050,2092,404,2,771.54
1008,8/11/2025,1091,2016,402,0,1292.08
1009,6/4/2025,1072,2079,401,1,855.49
1010,4/13/2025,1081,2062,404,2,495.49
1011,10/12/2025,1157,2084,403,1,253.67
1012,11/29/2025,1144,2072,403,2,672.48
1013,11/21/2025,1109,2021,401,2,668.33
1014,8/4/2025,1063,2028,404,2,510.35
1015,6/18/2025,1092,2017,403,3,1854.8
1016,4/3/2025,1118,2057,403,2,699.17
1017,4/25/2025,1124,2070,401,1,30.76
1018,5/12/2025,1165,2077,401,2,449.46
1019,9/27/2025,1035,2068,402,2,1968.58
1020,4/11/2025,1187,2080,401,0,0
1021,11/25/2025,1004,2064,401,3,882.12
1022,10/24/2025,1196,2075,402,0,2341.92
1023,11/12/2025,1141,2033,404,1,0
1024,4/10/2025,1093,2050,402,2,448.27
1025,4/20/2025,1034,2059,401,3,1536.15
1026,6/3/2025,1093,2064,401,1,793.91
1027,8/2/2025,1157,2087,402,1,286.78
1028,5/14/2025,1114,2020,402,1,676.49
1029,3/21/2025,1188,2093,404,2,1814.26
1030,9/19/2025,1010,2028,404,1,1148.29
1031,4/18/2025,1016,2033,403,1,2257.88
1032,3/23/2025,1010,2085,402,2,387.44
1033,4/26/2025,1099,2060,404,0,0
1034,6/3/2025,1010,2083,403,0,768.16
1035,7/11/2025,1180,2066,403,2,1238.54
1036,6/19/2025,1148,2069,402,3,697.17
1037,7/12/2025,1167,2048,403,0,1072.89
1038,8/11/2025,1132,2032,404,1,851.04
1039,11/22/2025,1132,2051,403,2,187.71
1040,12/3/2025,1124,2061,401,1,0
1041,3/8/2025,1112,2021,402,0,835.41
1042,4/5/2025,1131,2082,403,1,239.94
1043,10/15/2025,1038,2023,402,2,0
1044,6/8/2025,1154,2091,401,1,3260.84
1045,3/7/2025,1106,2042,401,3,1173.27
1046,7/5/2025,1172,2061,404,1,719.71
1047,10/21/2025,1151,2020,404,0,1127.49
1048,11/14/2025,1062,2005,402,1,385.9
1049,5/2/2025,1034,2080,401,1,2996.14
1050,6/5/2025,1014,2021,403,1,1503.74
1051,10/17/2025,1132,2051,401,2,281.57
1052,7/11/2025,1021,2027,404,3,775.83
1053,11/29/2025,1123,2021,402,3,0
1054,9/21/2025,1153,2018,402,2,867.62
1055,11/9/2025,1042,2092,403,3,1446.63
1056,3/6/2025,1152,2075,401,1,2107.73
1057,5/7/2025,1096,2049,402,0,939.84
1058,7/20/2025,1004,2025,404,1,0
1059,9/1/2025,1155,2012,402,3,623.19
1060,11/28/2025,1157,2076,401,0,2418.21
1061,6/19/2025,1023,2061,402,0,199.92
1062,4/2/2025,1198,2086,404,3,894.1
1063,10/29/2025,1094,2005,404,1,771.8
1064,11/27/2025,1123,2098,404,2,3631.44
1065,3/10/2025,1150,2094,401,3,2466.75
1066,6/18/2025,1034,2032,404,1,1702.08
1067,8/14/2025,1021,2036,404,2,348.77
1068,6/2/2025,1048,2000,401,0,4846.55
1069,10/29/2025,1133,2000,404,1,872.38
1070,4/22/2025,1176,2040,404,2,55.26
1071,6/27/2025,1027,2019,404,2,747.14
1072,7/8/2025,1066,2068,404,2,1968.58
1073,9/10/2025,1156,2035,404,1,0
1074,2/26/2025,1105,2070,404,1,0
1075,3/31/2025,1094,2071,404,2,984.26
1076,5/25/2025,1078,2073,403,3,499.43
1077,6/6/2025,1188,2017,401,1,417.33
1078,11/14/2025,1114,2089,402,0,827.04
1079,3/20/2025,1054,2065,404,2,376.27
1080,8/7/2025,1140,2078,401,1,255.62
1081,3/9/2025,1099,2081,401,0,1492.44
1082,3/3/2025,1037,2060,404,0,1225.14
1083,5/12/2025,1016,2033,402,2,2007
1084,11/2/2025,1020,2077,401,3,561.83
1085,5/28/2025,1102,2078,403,0,142.01
1086,6/27/2025,1198,2022,404,3,671.18
1087,8/4/2025,1002,2025,403,1,503.32
1088,6/30/2025,1008,2076,402,1,1450.93
1089,10/31/2025,1172,2004,403,1,834.52
1090,11/26/2025,1167,2000,402,0,969.31
1091,5/22/2025,1070,2099,404,2,1551.17
1092,6/15/2025,1171,2050,404,1,168.1
1093,6/18/2025,1132,2001,401,0,2061.75
1094,11/25/2025,1140,2036,403,2,348.77
1095,11/29/2025,1070,2028,402,3,2551.76
1096,9/8/2025,1103,2073,401,2,0
1097,11/14/2025,1044,2052,401,0,2193.78
1098,5/25/2025,1128,2037,403,0,0
1099,6/18/2025,1131,2032,403,3,4728
1100,11/30/2025,1096,2072,404,1,378.27
1101,9/27/2025,1193,2043,404,3,2620.35
1102,5/26/2025,1150,2003,404,0,1155.54
1103,6/24/2025,1066,2008,404,1,59.93
1104,4/1/2025,1173,2089,402,2,0
1105,8/10/2025,1105,2045,401,2,499.42
1106,4/19/2025,1063,2036,401,3,653.94
1107,2/27/2025,1172,2095,403,0,981.58
1108,11/18/2025,1141,2022,404,2,0
1109,9/2/2025,1090,2027,403,1,698.25
1110,7/31/2025,1191,2087,402,3,955.92
1111,8/9/2025,1188,2025,402,1,251.66
1112,11/17/2025,1067,2026,402,1,380.81
1113,5/1/2025,1063,2079,403,1,1710.97
1114,5/28/2025,1199,2013,401,0,5612.16
1115,5/6/2025,1173,2084,404,0,281.85
1116,7/21/2025,1195,2069,401,3,697.17
1117,4/19/2025,1095,2079,403,3,950.54
1118,12/3/2025,1147,2035,404,1,809.99
1119,11/3/2025,1195,2065,403,3,1411.02
1120,11/17/2025,1056,2096,402,0,0
1121,8/1/2025,1134,2054,404,0,3602.04
1122,6/27/2025,1128,2044,404,1,373.64
1123,10/11/2025,1117,2015,404,2,1619.93
1124,11/21/2025,1176,2001,401,1,371.12
1125,6/27/2025,1097,2074,401,2,527.6
1126,6/29/2025,1092,2078,403,1,383.43
1127,5/3/2025,1140,2033,402,2,1338
1128,12/4/2025,1120,2078,403,2,227.22
1129,7/17/2025,1047,2063,404,1,0
1130,2/25/2025,1107,2089,403,2,330.82
1131,10/18/2025,1102,2035,404,1,1619.98
1132,12/1/2025,1146,2016,402,0,0
1133,5/24/2025,1184,2034,402,3,680.85
1134,8/12/2025,1097,2025,402,1,1258.29
1135,5/19/2025,1121,2001,402,3,0
1136,5/30/2025,1127,2017,403,3,0
1137,5/16/2025,1076,2032,401,3,6619.2
1138,6/9/2025,1025,2088,402,0,0
1139,7/19/2025,1055,2032,404,0,945.6
1140,5/24/2025,1115,2095,403,2,0
1141,10/13/2025,1092,2046,403,2,80.23
1142,10/17/2025,1005,2052,401,2,1170.02
1143,10/31/2025,1173,2077,402,1,1516.94
1144,6/27/2025,1199,2036,403,2,871.92
1145,7/11/2025,1172,2065,404,3,2822.04
1146,11/27/2025,1020,2048,403,3,1072.89
1147,10/20/2025,1161,2018,402,2,1301.42
1148,3/28/2025,1107,2080,404,0,4993.56
1149,5/16/2025,1020,2020,403,1,1014.74
1150,9/18/2025,1080,2040,403,2,55.26
1151,10/31/2025,1154,2082,404,2,639.84
1152,6/25/2025,1113,2099,403,3,646.32
1153,10/13/2025,1105,2021,402,0,835.41
1154,9/15/2025,1032,2093,402,2,2419.01
1155,8/22/2025,1190,2089,401,1,0
1156,8/17/2025,1042,2050,401,0,1120.68
1157,4/9/2025,1016,2060,401,0,816.76
1158,8/16/2025,1197,2050,401,0,560.34
1159,4/29/2025,1067,2079,402,0,1901.08
1160,6/15/2025,1167,2049,403,1,0
1161,11/23/2025,1063,2094,403,3,493.35
1162,8/11/2025,1160,2016,402,1,1162.87
1163,9/23/2025,1007,2004,403,2,2225.4
1164,4/16/2025,1121,2059,403,3,2048.2
1165,3/18/2025,1034,2089,402,3,2481.12
1166,4/21/2025,1161,2095,404,2,392.63
1167,3/24/2025,1088,2061,402,0,799.68
1168,5/1/2025,1113,2039,403,3,976.44
1169,9/24/2025,1066,2019,403,0,933.93
1170,5/10/2025,1000,2066,402,2,412.85
1171,8/4/2025,1073,2060,401,3,0
1172,2/25/2025,1193,2061,403,0,199.92
1173,3/21/2025,1196,2055,403,1,194.18
1174,6/21/2025,1001,2070,403,1,61.52
1175,8/22/2025,1105,2071,404,3,615.16
1176,4/2/2025,1063,2020,404,3,375.83
1177,3/24/2025,1056,2033,401,3,836.25
1178,6/7/2025,1160,2030,403,2,271.95
1179,10/10/2025,1166,2095,403,3,1472.37
1180,11/20/2025,1048,2008,402,1,0
1181,2/22/2025,1074,2014,404,3,738.9
1182,11/9/2025,1069,2089,404,1,372.17
1183,3/4/2025,1082,2002,402,0,1732
1184,11/3/2025,1136,2002,402,0,1732
1185,10/24/2025,1072,2034,402,3,0
1186,5/14/2025,1186,2001,402,0,824.7
1187,7/7/2025,1038,2001,404,1,0
1188,6/17/2025,1087,2053,403,3,2440.6
1189,7/13/2025,1095,2059,401,2,1638.56
1190,7/14/2025,1020,2096,402,0,2688.72
1191,3/1/2025,1068,2099,404,0,1938.96
1192,7/20/2025,1139,2060,402,1,1102.63
1193,4/26/2025,1064,2048,401,0,715.26
1194,7/27/2025,1196,2091,402,3,0
1195,8/23/2025,1197,2056,402,0,1049.44
1196,9/21/2025,1050,2058,401,1,1800.22
1197,8/19/2025,1121,2049,403,2,751.87
1198,8/26/2025,1040,2080,401,0,1664.52
1199,6/19/2025,1064,2061,403,1,179.93
1200,9/27/2025,1092,2006,402,0,198
1201,6/20/2025,1060,2081,404,2,1193.95
1202,3/4/2025,1003,2021,403,0,2506.23
1203,9/25/2025,1101,2031,401,0,1130.6
1204,8/1/2025,1148,2088,404,1,0
1205,6/21/2025,1095,2098,401,1,2451.22
1206,12/4/2025,1040,2063,401,2,883.94
1207,3/14/2025,1194,2080,401,0,1664.52
1208,5/19/2025,1091,2082,402,0,0
1209,9/3/2025,1032,2062,402,2,1981.95
1210,4/15/2025,1142,2082,403,3,799.8
1211,6/1/2025,1187,2024,401,3,372.81
1212,10/7/2025,1091,2092,402,2,385.77
1213,12/1/2025,1010,2062,404,2,990.98
1214,6/15/2025,1138,2089,404,1,744.34
1215,8/29/2025,1145,2023,403,2,1503.26
1216,7/27/2025,1187,2059,403,1,1843.38
1217,7/22/2025,1017,2067,402,3,0
1218,4/24/2025,1075,2033,403,3,836.25
1219,4/27/2025,1000,2099,404,1,2326.75
1220,7/15/2025,1004,2079,403,1,0
1221,11/3/2025,1082,2092,401,3,0
1222,8/19/2025,1048,2067,404,1,785.56
1223,12/3/2025,1156,2036,403,3,0
1224,5/3/2025,1164,2041,401,0,804.21
1225,8/3/2025,1133,2084,401,0,0
1226,7/2/2025,1033,2022,401,1,604.06
1227,7/19/2025,1027,2062,402,0,1238.72
1228,9/4/2025,1008,2073,404,3,1498.29
1229,3/27/2025,1134,2079,403,0,950.54
1230,8/11/2025,1093,2028,401,0,1275.88
1231,4/12/2025,1053,2083,404,0,2304.48
1232,11/17/2025,1119,2081,401,2,0
1233,6/23/2025,1142,2095,404,2,1177.9
1234,9/11/2025,1181,2007,403,0,583.39
1235,10/7/2025,1187,2009,403,0,265.24
1236,11/9/2025,1055,2066,401,0,2580.3
1237,6/18/2025,1185,2029,404,1,12.16
1238,4/18/2025,1049,2067,402,1,261.86
1239,6/30/2025,1142,2095,404,0,1963.16
1240,3/21/2025,1196,2081,403,3,746.22
1241,11/29/2025,1179,2085,404,0,242.15
1242,11/4/2025,1042,2023,404,2,2254.9
1243,10/4/2025,1168,2020,404,2,601.33
1244,7/29/2025,1080,2070,403,2,0
1245,5/23/2025,1105,2097,404,2,673.68
1246,10/17/2025,1155,2030,402,3,509.91
1247,7/1/2025,1196,2070,403,2,27.34
1248,8/5/2025,1115,2057,404,0,1747.92
1249,6/19/2025,1185,2004,403,0,2781.75
1250,4/14/2025,1132,2017,403,0,0
1251,8/9/2025,1076,2028,402,2,1020.7
1252,7/17/2025,1005,2098,403,1,3268.3
1253,3/4/2025,1024,2004,404,2,1483.6
1254,9/22/2025,1039,2017,403,2,370.96
1255,7/16/2025,1149,2031,402,2,904.48
1256,4/11/2025,1076,2011,404,1,737.53
1257,3/30/2025,1187,2009,403,3,198.93
1258,10/22/2025,1044,2062,401,2,495.49
1259,4/5/2025,1009,2093,404,0,0
1260,9/8/2025,1199,2007,403,2,1400.14
1261,6/3/2025,1111,2053,401,1,3294.81
1262,11/9/2025,1191,2083,401,3,768.16
1263,6/22/2025,1013,2039,401,2,1562.3
1264,8/12/2025,1138,2072,402,2,672.48
1265,9/5/2025,1128,2089,402,1,744.34
1266,7/22/2025,1012,2086,404,3,2682.3
1267,7/29/2025,1192,2076,401,1,1450.93
1268,8/21/2025,1110,2037,404,1,324.13
1269,11/12/2025,1033,2043,401,3,4367.25
1270,4/20/2025,1146,2095,401,3,1963.16
1271,10/12/2025,1067,2010,404,3,0
1272,7/17/2025,1198,2089,402,1,744.34
1273,6/26/2025,1123,2071,402,3,1845.48
1274,3/28/2025,1101,2083,402,1,2074.03
1275,3/1/2025,1062,2009,403,3,66.31
1276,7/2/2025,1082,2087,401,0,318.64
1277,7/26/2025,1171,2052,404,2,0
1278,3/20/2025,1089,2024,403,2,298.25
1279,5/26/2025,1152,2083,401,2,1843.58
1280,8/10/2025,1043,2044,404,1,373.64
1281,11/17/2025,1112,2005,402,1,0
1282,5/30/2025,1175,2047,402,0,1004.94
1283,4/28/2025,1028,2094,401,1,888.03
1284,4/29/2025,1158,2018,403,0,2169.04
1285,4/29/2025,1087,2088,401,2,567.48
1286,8/1/2025,1115,2060,401,2,980.11
1287,5/15/2025,1053,2094,402,1,888.03
1288,3/9/2025,1139,2066,403,3,2580.3
1289,6/25/2025,1159,2093,402,0,0
1290,9/6/2025,1096,2074,401,2,1055.2
1291,7/19/2025,1043,2007,403,1,525.05
1292,3/16/2025,1178,2079,403,0,950.54
1293,7/18/2025,1119,2083,401,0,768.16
1294,6/25/2025,1099,2084,403,2,0
1295,5/7/2025,1027,2002,403,3,866
1296,7/25/2025,1059,2048,401,2,572.21
1297,6/1/2025,1124,2076,401,1,2176.39
1298,12/3/2025,1050,2064,404,0,1470.2
1299,12/2/2025,1010,2031,403,2,1356.72
1300,5/31/2025,1125,2050,402,0,373.56
1301,5/8/2025,1088,2087,403,2,509.82
1302,7/18/2025,1160,2038,402,2,2223.62
1303,4/23/2025,1015,2080,403,3,2496.78
1304,5/17/2025,1007,2071,403,1,553.64
1305,4/20/2025,1038,2043,404,1,786.1
1306,6/2/2025,1022,2093,404,1,2721.38
1307,12/2/2025,1106,2030,402,3,1019.82
1308,5/15/2025,1079,2077,403,3,561.83
1309,10/4/2025,1138,2016,402,1,872.15
1310,7/15/2025,1148,2069,402,1,418.3
1311,6/14/2025,1079,2088,402,3,709.35
1312,11/28/2025,1197,2018,402,2,867.62
1313,4/13/2025,1017,2071,401,1,553.64
1314,6/27/2025,1081,2018,401,2,867.62
1315,10/31/2025,1105,2052,403,3,731.26
1316,7/22/2025,1190,2081,403,1,0
1317,5/27/2025,1199,2024,401,1,223.69
1318,9/21/2025,1047,2003,403,1,346.66
1319,10/26/2025,1152,2029,402,0,27.02
1320,4/5/2025,1091,2010,404,1,210.17
1321,8/31/2025,1128,2077,404,2,0
1322,7/27/2025,1047,2049,404,3,0
1323,11/5/2025,1035,2020,402,1,676.49
1324,7/6/2025,1008,2052,401,2,585.01
1325,10/30/2025,1105,2028,402,1,1148.29
1326,11/30/2025,1016,2022,404,3,2684.72
1327,6/10/2025,1176,2041,404,1,1447.58
1328,11/23/2025,1109,2051,401,3,469.28
1329,3/29/2025,1184,2040,404,0,103.62
1330,9/3/2025,1133,2013,404,3,3741.44
1331,10/28/2025,1010,2031,404,0,1130.6
1332,4/25/2025,1142,2049,401,1,0
1333,8/1/2025,1074,2056,404,2,839.55
1334,7/25/2025,1198,2036,404,1,392.36
1335,11/10/2025,1108,2037,401,1,648.25
1336,9/2/2025,1118,2082,404,0,799.8
1337,7/24/2025,1184,2064,401,1,264.64
1338,9/19/2025,1199,2074,402,3,1978.5
1339,7/22/2025,1105,2041,404,0,0
1340,8/10/2025,1045,2058,402,3,0
1341,4/27/2025,1023,2032,403,1,1702.08
1342,3/7/2025,1183,2093,401,0,2267.82
1343,3/5/2025,1029,2090,404,2,57.31
1344,5/20/2025,1021,2067,404,1,261.86
1345,8/27/2025,1096,2070,404,0,136.72
1346,11/1/2025,1196,2021,403,1,751.87
1347,4/19/2025,1041,2018,402,0,1084.52
1348,10/8/2025,1107,2039,403,3,0
1349,8/1/2025,1073,2080,402,0,3329.04
1350,7/20/2025,1033,2025,401,2,671.09
1351,9/9/2025,1003,2058,404,3,2000.25
1352,8/11/2025,1139,2000,404,1,1744.76
1353,3/4/2025,1055,2075,404,3,3122.56
1354,7/26/2025,1104,2056,401,0,1574.16
1355,9/16/2025,1062,2070,403,1,30.76
1356,4/7/2025,1012,2023,402,0,2818.62
1357,9/22/2025,1167,2044,401,1,560.47
1358,8/1/2025,1008,2085,403,2,0
1359,6/30/2025,1022,2006,401,3,990
1360,8/24/2025,1045,2020,403,1,1352.99
1361,11/22/2025,1116,2095,403,0,981.58
1362,10/27/2025,1023,2098,403,2,1452.58
1363,4/5/2025,1094,2048,401,3,1072.89
1364,9/25/2025,1140,2008,403,3,0
1365,10/30/2025,1034,2015,403,2,1079.95
1366,11/26/2025,1134,2052,402,1,1316.27
1367,3/28/2025,1156,2007,401,0,1750.17
1368,5/19/2025,1123,2092,403,3,0
1369,8/6/2025,1155,2040,403,2,27.63
1370,9/29/2025,1033,2078,404,3,568.04
1371,12/3/2025,1126,2023,402,2,2254.9
1372,4/13/2025,1049,2000,401,0,3877.24
1373,3/22/2025,1119,2080,401,1,0
1374,3/22/2025,1157,2053,404,0,1830.45
1375,3/23/2025,1085,2044,402,0,207.58
1376,10/29/2025,1163,2025,403,2,447.39
1377,10/16/2025,1017,2039,403,2,3905.76
1378,12/4/2025,1196,2000,401,2,0
1379,11/14/2025,1087,2050,401,1,168.1
1380,7/27/2025,1049,2042,403,3,670.44
1381,10/5/2025,1121,2004,402,3,3709
1382,8/16/2025,1039,2080,404,2,665.81
1383,5/4/2025,1118,2052,401,2,0
1384,8/3/2025,1144,2092,403,0,1446.63
1385,6/21/2025,1053,2073,403,2,1198.63
1386,2/27/2025,1016,2019,403,0,0
1387,5/5/2025,1086,2048,402,3,1072.89
1388,9/11/2025,1047,2076,401,2,0
1389,9/9/2025,1180,2040,401,2,110.53
1390,11/2/2025,1105,2011,404,1,0
1391,12/3/2025,1095,2057,403,1,786.56
1392,11/13/2025,1134,2038,402,0,926.51
1393,5/1/2025,1095,2004,402,0,0
1394,9/20/2025,1113,2064,401,3,294.04
1395,11/2/2025,1128,2019,402,2,1494.29
1396,7/22/2025,1123,2093,403,2,3023.76
1397,8/30/2025,1036,2098,401,1,817.07
1398,11/26/2025,1052,2092,401,3,1928.84
1399,10/21/2025,1099,2091,401,0,905.79
1400,6/21/2025,1079,2005,401,2,1715.12
1401,7/31/2025,1119,2005,401,2,686.05
1402,11/3/2025,1005,2073,403,1,0
1403,10/31/2025,1082,2025,402,2,223.7
1404,8/5/2025,1070,2068,403,3,2460.72
1405,4/25/2025,1171,2015,403,1,0
1406,6/5/2025,1040,2035,401,0,899.99
1407,9/19/2025,1159,2071,401,1,1660.93
1408,3/11/2025,1138,2044,403,2,0
1409,8/20/2025,1036,2090,403,1,0
1410,9/7/2025,1043,2009,403,2,106.1
1411,5/22/2025,1138,2056,401,1,944.5
1412,5/9/2025,1007,2060,401,0,816.76
1413,7/1/2025,1098,2006,401,3,990
1414,3/17/2025,1100,2022,404,2,1610.83
1415,7/26/2025,1079,2042,402,0,167.61
1416,11/1/2025,1193,2097,404,1,2273.67
1417,5/12/2025,1023,2089,404,0,413.52
1418,7/1/2025,1116,2039,404,3,3905.76
1419,6/15/2025,1059,2028,402,2,1531.06
1420,8/20/2025,1093,2050,402,2,298.85
1421,4/16/2025,1083,2058,404,0,2000.25
1422,11/22/2025,1016,2060,401,2,653.41
1423,6/3/2025,1122,2059,402,2,1228.92
1424,6/22/2025,1196,2044,402,0,207.58
1425,11/24/2025,1103,2091,401,2,2173.9
1426,11/24/2025,1142,2083,401,2,1229.06
1427,9/4/2025,1136,2059,404,3,2560.25
1428,7/26/2025,1061,2079,402,1,2566.46
1429,8/11/2025,1123,2049,401,2,751.87
1430,7/23/2025,1053,2088,404,3,709.35
1431,6/27/2025,1145,2043,402,1,1572.21
1432,7/29/2025,1169,2085,401,3,1210.75
1433,8/21/2025,1029,2075,404,2,1249.02
1434,9/20/2025,1142,2012,404,1,1682.61
1435,6/29/2025,1078,2051,401,0,117.32
1436,4/13/2025,1175,2076,404,2,1289.71
1437,11/18/2025,1126,2082,401,0,1066.4
1438,6/15/2025,1055,2017,401,1,1669.32
1439,10/6/2025,1169,2019,404,2,747.14
1440,5/10/2025,1099,2078,404,1,383.43
1441,8/25/2025,1052,2087,403,2,0
1442,4/26/2025,1145,2086,403,3,2682.3
1443,9/27/2025,1183,2044,401,0,1037.9
1444,11/4/2025,1156,2065,404,1,423.31
1445,11/21/2025,1075,2007,403,0,1166.78
1446,9/2/2025,1000,2090,403,0,143.28
1447,5/9/2025,1072,2003,402,3,0
1448,3/20/2025,1179,2075,404,2,1873.54
1449,11/3/2025,1182,2048,404,3,357.63
1450,8/16/2025,1111,2069,402,1,836.6
1451,11/26/2025,1121,2017,402,3,2782.2
1452,4/8/2025,1092,2053,402,2,1464.36
1453,7/23/2025,1171,2016,402,0,646.04
1454,9/9/2025,1018,2082,401,1,0
1455,10/19/2025,1184,2062,404,1,1672.27
1456,4/13/2025,1021,2017,404,3,463.7
1457,9/21/2025,1178,2077,404,1,505.65
1458,7/30/2025,1116,2065,404,3,470.34
1459,10/27/2025,1098,2045,402,1,280.93
1460,4/6/2025,1108,2077,401,3,1685.49
1461,10/1/2025,1187,2030,403,3,509.91
1462,10/26/2025,1139,2073,403,0,499.43
1463,6/7/2025,1009,2072,404,2,0
1464,10/15/2025,1028,2074,404,0,3297.5
1465,3/24/2025,1036,2093,403,3,0
1466,11/29/2025,1132,2010,401,1,0
1467,10/1/2025,1120,2080,401,2,665.81
1468,5/1/2025,1156,2006,403,0,198
1469,11/8/2025,1120,2058,404,2,1600.2
1470,5/23/2025,1107,2045,403,2,249.71
1471,7/8/2025,1042,2004,403,2,0
1472,7/24/2025,1015,2080,404,1,749.03
1473,5/17/2025,1146,2006,403,0,792
1474,6/22/2025,1073,2062,401,1,1114.85
1475,10/12/2025,1129,2009,403,2,0
1476,4/15/2025,1033,2078,403,2,340.82
1477,7/7/2025,1065,2001,401,1,371.12
1478,7/5/2025,1151,2094,402,3,493.35
1479,5/5/2025,1094,2022,403,1,0
1480,4/29/2025,1124,2023,401,2,2254.9
1481,3/26/2025,1021,2018,402,3,542.26
1482,8/21/2025,1192,2052,404,1,0
1483,8/19/2025,1169,2056,402,1,944.5
1484,3/14/2025,1147,2093,403,0,2267.82
1485,7/11/2025,1164,2033,401,0,836.25
1486,2/24/2025,1042,2059,404,3,3072.3
1487,5/23/2025,1077,2060,402,3,1633.52
1488,4/16/2025,1174,2090,404,3,286.56
1489,3/19/2025,1067,2018,404,0,2169.04
1490,5/8/2025,1073,2057,404,2,349.58
1491,7/3/2025,1135,2087,401,0,318.64
1492,8/21/2025,1136,2081,403,3,2238.66
1493,11/23/2025,1156,2083,403,2,1229.06
1494,11/13/2025,1069,2034,401,2,217.87
1495,5/26/2025,1167,2074,404,3,2638
1496,8/8/2025,1197,2086,402,1,2414.07
1497,8/14/2025,1133,2043,402,2,1397.52
1498,9/8/2025,1140,2001,401,0,1237.05
1499,8/28/2025,1003,2052,401,0,731.26
1500,10/12/2025,1175,2057,403,1,1179.85
1501,6/17/2025,1185,2036,403,1,980.91
1502,5/20/2025,1008,2003,401,0,0
1503,4/26/2025,1152,2084,402,0,281.85
1504,4/30/2025,1181,2015,401,1,1214.95
1505,3/13/2025,1096,2084,402,0,0
1506,4/28/2025,1178,2023,403,2,1503.26
1507,10/24/2025,1119,2084,401,3,0
1508,9/6/2025,1070,2098,404,2,1452.58
1509,2/23/2025,1065,2020,401,2,300.66
1510,10/15/2025,1198,2007,404,3,2333.56
1511,11/15/2025,1085,2007,403,2,933.42
1512,9/10/2025,1045,2056,401,3,3148.32
1513,3/12/2025,1051,2078,404,1,383.43
1514,10/18/2025,1165,2062,401,1,557.42
1515,8/4/2025,1138,2098,404,1,817.07
1516,5/20/2025,1157,2082,401,3,1066.4
1517,5/8/2025,1183,2033,401,0,0
1518,5/26/2025,1018,2009,403,3,0
1519,9/28/2025,1004,2063,402,0,552.46
1520,4/14/2025,1009,2085,404,2,193.72
1521,6/19/2025,1038,2089,403,3,1240.56
1522,11/11/2025,1147,2000,404,3,4846.55
1523,5/18/2025,1111,2051,401,1,211.18
1524,7/10/2025,1000,2049,404,0,5639.04
1525,2/26/2025,1145,2068,403,2,656.19
1526,9/26/2025,1174,2038,404,0,1853.02
1527,6/26/2025,1161,2082,401,2,213.28
1528,6/28/2025,1136,2043,401,3,3493.8
1529,4/12/2025,1194,2098,403,1,2451.22
1530,4/22/2025,1045,2070,401,3,102.54
1531,3/29/2025,1169,2024,403,3,621.35
1532,6/2/2025,1027,2080,403,3,2496.78
1533,7/10/2025,1021,2080,404,1,2247.1
1534,7/13/2025,1035,2004,402,0,1854.5
1535,6/12/2025,1184,2075,402,3,2341.92
1536,11/4/2025,1099,2008,403,3,66.59
1537,9/28/2025,1136,2057,401,0,1310.94
1538,3/3/2025,1086,2007,403,0,1750.17
1539,7/27/2025,1103,2015,402,3,2024.91
1540,11/24/2025,1173,2068,402,1,0
1541,6/16/2025,1018,2004,402,3,927.25
1542,10/12/2025,1167,2002,404,0,866
1543,8/30/2025,1062,2089,402,0,2067.6
1544,5/26/2025,1044,2080,401,2,665.81
1545,11/9/2025,1024,2058,402,0,2000.25
1546,10/15/2025,1027,2014,404,1,443.34
1547,7/21/2025,1016,2025,404,2,671.09
1548,3/9/2025,1188,2086,404,2,2861.12
1549,11/14/2025,1030,2087,402,2,382.37
1550,2/23/2025,1054,2097,401,1,2273.67
1551,8/13/2025,1085,2008,401,2,106.54
1552,3/1/2025,1036,2096,404,1,1814.89
1553,5/14/2025,1178,2047,402,3,1004.94
1554,3/2/2025,1062,2074,401,1,1187.1
1555,10/10/2025,1025,2080,404,1,3745.17
1556,8/19/2025,1004,2062,401,0,2477.44
1557,10/3/2025,1001,2022,401,2,536.94
1558,11/18/2025,1106,2088,404,1,1276.83
1559,7/9/2025,1052,2018,403,3,2169.04
1560,8/26/2025,1105,2030,402,0,339.94
1561,8/1/2025,1152,2023,404,0,1879.08
1562,11/19/2025,1160,2038,403,3,0
1563,11/11/2025,1001,2071,402,1,1660.93
1564,7/2/2025,1030,2067,401,2,465.52
1565,7/10/2025,1194,2069,402,3,929.56
1566,8/18/2025,1197,2080,402,2,1331.62
1567,9/28/2025,1013,2024,401,1,335.53
1568,6/7/2025,1175,2060,404,1,735.08
1569,5/10/2025,1040,2085,401,0,484.3
1570,6/15/2025,1165,2046,403,1,60.17
1571,4/7/2025,1111,2032,403,3,3782.4
1572,3/12/2025,1011,2013,401,1,1683.65
1573,5/29/2025,1040,2003,404,0,385.18
1574,7/31/2025,1018,2030,404,2,135.98
1575,6/11/2025,1107,2025,403,1,754.97
1576,7/20/2025,1199,2014,403,1,0
1577,8/10/2025,1025,2030,404,1,0
1578,11/20/2025,1096,2028,401,3,2551.76
1579,5/17/2025,1149,2062,401,3,1858.08
1580,4/3/2025,1037,2027,404,1,465.5
1581,3/23/2025,1099,2047,402,3,0
1582,5/1/2025,1184,2024,403,2,198.83
1583,11/29/2025,1051,2042,402,0,167.61
1584,11/30/2025,1177,2072,401,2,672.48
1585,12/2/2025,1034,2014,404,3,985.2
1586,6/6/2025,1107,2021,403,1,751.87
1587,7/18/2025,1075,2077,402,1,2528.24
1588,2/28/2025,1147,2070,402,0,34.18
1589,3/13/2025,1105,2066,404,1,928.91
1590,6/23/2025,1151,2060,404,2,653.41
1591,4/20/2025,1003,2093,404,1,680.35
1592,6/8/2025,1063,2041,404,1,2171.37
1593,8/6/2025,1151,2019,401,3,933.93
1594,7/3/2025,1011,2005,404,0,428.78
1595,5/27/2025,1108,2067,404,3,290.95
1596,3/25/2025,1178,2012,404,3,623.19
1597,10/30/2025,1061,2010,401,3,389.2
1598,11/20/2025,1055,2016,403,2,0
1599,11/19/2025,1061,2082,401,0,266.6
1600,11/27/2025,1122,2085,403,1,217.94
1601,10/16/2025,1180,2058,401,3,666.75
1602,10/10/2025,1118,2098,402,3,907.86
1603,6/8/2025,1047,2047,404,0,334.98
1604,5/22/2025,1160,2009,404,2,0
1605,6/9/2025,1135,2004,403,3,3709
1606,5/16/2025,1192,2034,402,0,0
1607,5/29/2025,1158,2042,401,2,402.26
1608,9/7/2025,1013,2014,404,2,197.04
1609,4/18/2025,1119,2079,401,2,4562.59
1610,7/5/2025,1093,2022,401,1,604.06
1611,10/13/2025,1035,2042,402,0,335.22
1612,11/17/2025,1166,2061,402,1,179.93
1613,9/12/2025,1082,2045,403,3,312.14
1614,5/23/2025,1070,2006,401,2,633.6
1615,9/20/2025,1088,2057,404,0,436.98
1616,10/27/2025,1120,2090,403,3,214.92
1617,11/29/2025,1158,2047,401,1,904.45
1618,9/6/2025,1117,2011,401,3,0
1619,5/16/2025,1045,2036,401,0,217.98
1620,7/17/2025,1042,2035,401,1,809.99
1621,11/2/2025,1127,2019,402,0,933.93
1622,10/17/2025,1075,2053,402,3,2440.6
1623,3/5/2025,1088,2053,404,0,610.15
1624,11/4/2025,1074,2024,401,0,248.54
1625,5/8/2025,1059,2066,403,3,2064.24
1626,4/30/2025,1148,2043,403,3,873.45
1627,7/10/2025,1151,2085,404,3,726.45
1628,9/13/2025,1077,2072,402,2,1008.72
1629,9/10/2025,1043,2033,402,3,836.25
1630,7/7/2025,1095,2036,401,1,392.36
1631,3/17/2025,1090,2036,404,1,588.55
1632,6/20/2025,1158,2020,403,1,676.49
1633,7/7/2025,1044,2090,402,1,0
1634,7/28/2025,1060,2014,401,2,591.12
1635,8/29/2025,1147,2016,404,2,516.83
1636,4/17/2025,1094,2023,402,0,1879.08
1637,8/9/2025,1170,2040,403,1,0
1638,10/4/2025,1095,2057,402,2,349.58
1639,8/26/2025,1031,2003,404,3,0
1640,7/18/2025,1196,2018,404,2,433.81
1641,4/14/2025,1039,2000,403,2,775.45
1642,11/16/2025,1121,2037,402,3,1080.42
1643,10/1/2025,1086,2088,401,3,2837.4
1644,7/19/2025,1010,2017,401,2,1112.88
1645,9/1/2025,1006,2051,402,3,351.96
1646,4/28/2025,1091,2011,403,0,819.48
1647,5/3/2025,1155,2082,402,1,959.76
1648,6/12/2025,1005,2098,403,1,817.07
1649,8/25/2025,1005,2010,404,0,233.52
1650,11/17/2025,1131,2050,402,3,747.12
1651,3/9/2025,1081,2077,401,2,1797.86
1652,11/10/2025,1101,2018,404,2,867.62
1653,3/27/2025,1098,2047,401,2,1071.94
1654,7/1/2025,1088,2044,403,3,830.32
1655,4/18/2025,1143,2011,402,3,1229.22
1656,9/24/2025,1189,2053,404,2,1464.36
1657,11/12/2025,1041,2093,404,3,2267.82
1658,6/18/2025,1035,2075,401,1,1405.15
1659,4/22/2025,1053,2038,404,2,2964.83
1660,9/27/2025,1016,2075,404,0,3122.56
1661,9/25/2025,1001,2052,403,3,731.26
1662,4/2/2025,1044,2071,404,1,553.64
1663,11/7/2025,1051,2023,404,2,0
1664,4/8/2025,1141,2062,401,2,1486.46
1665,6/19/2025,1149,2038,404,3,926.51
1666,4/20/2025,1057,2003,401,1,2079.97
1667,9/7/2025,1067,2038,404,0,926.51
1668,8/6/2025,1167,2085,403,3,242.15
1669,5/6/2025,1045,2062,402,0,1858.08
1670,7/3/2025,1030,2097,403,3,3368.4
1671,10/26/2025,1017,2076,403,3,0
1672,7/10/2025,1144,2055,403,3,161.82
1673,5/21/2025,1177,2015,403,0,674.97
1674,8/14/2025,1066,2020,401,1,1014.74
1675,11/11/2025,1081,2059,402,2,409.64
1676,8/28/2025,1041,2006,403,2,475.2
1677,7/18/2025,1107,2081,403,0,3731.1
1678,10/22/2025,1074,2037,401,1,0
1679,11/18/2025,1196,2080,402,0,832.26
1680,10/31/2025,1153,2096,402,2,1075.49
1681,11/1/2025,1080,2087,403,2,127.46
1682,4/18/2025,1175,2089,403,0,2067.6
1683,3/20/2025,1136,2074,403,1,593.55
1684,11/29/2025,1003,2017,403,2,1112.88
1685,9/16/2025,1199,2062,404,2,990.98
1686,3/7/2025,1041,2013,402,1,1683.65
1687,11/11/2025,1128,2028,402,0,0
1688,4/20/2025,1106,2058,401,0,1333.5
1689,10/28/2025,1033,2002,404,2,1385.6
1690,5/31/2025,1079,2088,403,1,2553.66
1691,11/14/2025,1113,2076,403,1,0
1692,3/18/2025,1181,2038,401,0,2779.53
1693,11/13/2025,1056,2016,402,1,872.15
1694,3/21/2025,1078,2016,402,1,872.15
1695,4/13/2025,1020,2054,401,0,1801.02
1696,5/17/2025,1004,2099,404,3,0
1697,6/21/2025,1010,2025,401,0,559.24
1698,5/31/2025,1168,2065,401,3,1411.02
1699,11/23/2025,1030,2032,401,0,945.6
1700,10/25/2025,1077,2085,401,0,0
1701,8/25/2025,1005,2015,402,1,0
1702,3/21/2025,1047,2085,403,0,242.15
1703,11/30/2025,1023,2018,403,2,0
1704,9/17/2025,1090,2020,402,0,751.66
1705,6/8/2025,1025,2074,401,1,593.55
1706,5/28/2025,1183,2024,403,1,335.53
1707,9/5/2025,1193,2068,401,0,820.24
1708,11/17/2025,1054,2064,404,2,235.23
1709,3/28/2025,1178,2075,402,3,5464.48
1710,11/16/2025,1172,2013,402,2,2244.86
1711,12/3/2025,1097,2054,402,1,810.46
1712,11/26/2025,1104,2014,403,0,246.3
1713,6/23/2025,1119,2014,402,3,1231.5
1714,8/28/2025,1195,2046,403,0,100.29
1715,4/17/2025,1021,2041,404,0,0
1716,10/15/2025,1098,2036,404,2,0
1717,10/9/2025,1175,2056,402,3,2098.88
1718,7/18/2025,1074,2054,402,0,2701.53
1719,4/10/2025,1121,2086,403,1,3218.76
1720,7/1/2025,1003,2086,404,0,1788.2
1721,4/27/2025,1101,2056,401,0,524.72
1722,8/1/2025,1036,2050,404,0,747.12
1723,10/11/2025,1189,2021,401,2,1336.66
1724,3/6/2025,1050,2043,402,3,873.45
1725,5/23/2025,1031,2029,404,3,40.53
1726,7/17/2025,1071,2097,403,3,2526.3
1727,7/17/2025,1091,2060,404,3,1225.14
1728,7/13/2025,1130,2035,402,3,899.99
1729,8/21/2025,1027,2015,403,3,0
1730,9/20/2025,1127,2029,402,0,40.53
1731,10/11/2025,1025,2094,401,0,1973.4
1732,6/10/2025,1127,2086,401,1,4828.14
1733,2/25/2025,1097,2077,403,1,2022.59
1734,7/7/2025,1077,2079,401,0,1901.08
1735,7/9/2025,1169,2096,404,3,672.18
1736,4/9/2025,1051,2037,404,3,1800.7
1737,11/11/2025,1129,2033,403,0,1672.5
1738,3/15/2025,1195,2004,404,0,2781.75
1739,9/24/2025,1098,2057,403,3,1310.94
1740,5/29/2025,1113,2058,401,0,2000.25
1741,8/26/2025,1045,2071,403,1,0
1742,11/6/2025,1125,2055,402,2,86.3
1743,11/27/2025,1183,2049,404,0,1879.68
1744,4/26/2025,1145,2086,404,3,2682.3
1745,3/14/2025,1121,2071,402,0,1845.48
1746,4/16/2025,1100,2033,404,3,2508.75
1747,7/29/2025,1157,2086,403,2,1430.56
1748,4/25/2025,1082,2007,401,0,1750.17
1749,6/9/2025,1032,2046,403,0,167.15
1750,6/21/2025,1195,2080,403,3,3329.04
1751,11/2/2025,1024,2054,403,2,0
1752,10/14/2025,1105,2044,401,1,373.64
1753,11/8/2025,1063,2030,403,0,509.91
1754,8/13/2025,1176,2008,403,0,133.18
1755,9/28/2025,1086,2021,401,2,2004.98
1756,9/13/2025,1009,2058,404,3,2000.25
1757,6/22/2025,1068,2002,404,0,0
1758,5/25/2025,1081,2048,404,2,572.21
1759,3/7/2025,1146,2012,404,0,623.19
1760,8/1/2025,1176,2086,402,2,1430.56
1761,7/14/2025,1127,2064,403,1,529.27
1762,7/30/2025,1157,2038,403,3,4632.55
1763,11/10/2025,1051,2063,401,1,0
1764,3/5/2025,1073,2033,401,2,1338
1765,9/7/2025,1146,2051,402,0,0
1766,5/15/2025,1183,2074,401,2,0
1767,8/5/2025,1069,2008,404,3,66.59
1768,3/23/2025,1053,2044,401,2,332.13
1769,8/19/2025,1129,2038,404,2,0
1770,4/2/2025,1051,2053,404,2,488.12
1771,8/3/2025,1159,2065,404,1,1693.22
1772,5/30/2025,1004,2080,402,3,3329.04
1773,5/22/2025,1054,2084,404,2,901.92
1774,10/22/2025,1163,2068,404,0,1640.48
1775,8/13/2025,1133,2025,403,3,838.86
1776,5/16/2025,1037,2030,402,2,271.95
1777,11/19/2025,1111,2052,403,0,731.26
1778,7/25/2025,1162,2026,404,2,169.25
1779,4/12/2025,1073,2082,402,2,213.28
1780,11/7/2025,1175,2076,402,3,806.07
1781,4/11/2025,1061,2014,402,1,665.01
1782,7/30/2025,1007,2031,403,3,1695.9
1783,7/29/2025,1124,2071,404,3,1845.48
1784,4/27/2025,1165,2004,402,1,1669.05
1785,4/5/2025,1069,2017,401,2,0
1786,7/22/2025,1071,2084,402,0,281.85
1787,3/7/2025,1184,2062,401,0,2477.44
1788,4/1/2025,1021,2040,403,0,69.08
1789,9/28/2025,1104,2046,401,3,167.15
1790,7/31/2025,1185,2017,402,0,1854.8
1791,10/29/2025,1146,2094,401,2,789.36
1792,10/21/2025,1127,2011,402,0,409.74
1793,11/11/2025,1197,2040,403,3,138.16
1794,5/7/2025,1191,2095,402,3,1963.16
1795,5/6/2025,1055,2018,401,1,488.03
1796,4/26/2025,1054,2035,404,3,899.99
1797,8/14/2025,1065,2075,401,3,3903.2
1798,10/15/2025,1136,2047,401,2,267.98
1799,5/18/2025,1139,2054,404,1,3241.84
1800,9/12/2025,1071,2018,403,3,0
1801,8/16/2025,1183,2047,403,0,1004.94
1802,6/16/2025,1165,2077,401,0,1685.49
1803,8/27/2025,1176,2085,402,2,581.16
1804,7/17/2025,1141,2049,403,2,1503.74
1805,3/4/2025,1175,2015,402,3,674.97
1806,6/7/2025,1099,2001,404,2,0
1807,9/9/2025,1077,2011,402,2,655.58
1808,3/9/2025,1053,2020,404,2,601.33
1809,7/25/2025,1196,2082,404,0,533.2
1810,7/27/2025,1070,2010,404,3,311.36
1811,6/19/2025,1188,2052,403,3,2925.04
1812,3/31/2025,1025,2020,403,0,375.83
1813,4/29/2025,1090,2053,403,3,1830.45
1814,8/29/2025,1177,2003,401,1,346.66
1815,11/17/2025,1161,2056,402,0,1049.44
1816,3/10/2025,1102,2025,403,2,0
1817,4/22/2025,1147,2010,401,1,70.06
1818,8/13/2025,1063,2066,402,3,516.06
1819,6/1/2025,1081,2057,404,1,786.56
1820,10/24/2025,1066,2022,403,2,536.94
1821,11/11/2025,1050,2010,404,2,62.27
1822,9/6/2025,1046,2050,404,1,336.2
1823,2/22/2025,1005,2002,402,0,3464
1824,6/9/2025,1118,2025,403,1,0
1825,11/25/2025,1012,2051,404,2,93.86
1826,3/26/2025,1038,2011,403,1,1475.06
1827,7/19/2025,1145,2015,401,3,2024.91
1828,6/6/2025,1197,2058,404,0,666.75
1829,5/22/2025,1057,2091,402,1,815.21
1830,5/5/2025,1005,2034,403,3,544.68
1831,6/7/2025,1097,2016,404,1,290.72
1832,8/24/2025,1153,2027,403,1,698.25
1833,5/19/2025,1107,2023,404,1,2536.76
1834,8/28/2025,1007,2037,403,1,648.25
1835,4/22/2025,1158,2057,402,2,699.17
1836,5/24/2025,1149,2087,404,0,637.28
1837,3/28/2025,1002,2060,402,2,326.7
1838,8/9/2025,1177,2050,402,3,186.78
1839,10/31/2025,1181,2054,403,0,1801.02
1840,8/24/2025,1024,2071,401,0,615.16
1841,5/26/2025,1085,2030,404,2,407.93
1842,7/11/2025,1155,2085,401,0,726.45
1843,9/10/2025,1064,2064,404,2,940.93
1844,10/4/2025,1101,2085,403,1,217.94
1845,11/22/2025,1143,2005,402,2,343.02
1846,2/26/2025,1043,2064,404,2,235.23
1847,2/26/2025,1119,2016,401,2,258.42
1848,3/31/2025,1181,2067,404,1,523.71
1849,7/18/2025,1066,2014,403,0,0
1850,11/22/2025,1032,2063,403,2,441.97
1851,3/7/2025,1110,2036,403,2,348.77
1852,4/18/2025,1132,2040,404,1,124.34
1853,4/3/2025,1080,2094,404,1,0
1854,11/11/2025,1142,2084,404,0,0
1855,5/18/2025,1048,2019,401,1,840.54
1856,9/5/2025,1046,2004,404,2,741.8
1857,7/19/2025,1041,2090,404,3,358.2
1858,10/17/2025,1029,2063,401,3,1657.38
1859,2/27/2025,1091,2090,404,3,214.92
1860,5/26/2025,1126,2014,402,0,492.6
1861,3/13/2025,1089,2011,402,2,1638.96
1862,7/19/2025,1046,2021,403,1,2255.61
1863,10/20/2025,1149,2000,402,3,4846.55
1864,5/25/2025,1019,2031,404,0,1695.9
1865,10/17/2025,1084,2003,403,0,0
1866,5/3/2025,1100,2047,401,2,803.95
1867,9/2/2025,1039,2003,401,3,1155.54
1868,10/18/2025,1181,2084,404,3,1127.4
1869,9/13/2025,1160,2034,401,2,326.81
1870,5/15/2025,1011,2083,404,2,614.53
1871,8/19/2025,1187,2093,402,1,680.35
1872,10/31/2025,1012,2082,403,2,853.12
1873,10/27/2025,1014,2095,401,3,0
1874,3/13/2025,1023,2051,403,1,211.18
1875,4/3/2025,1061,2098,404,0,2723.58
1876,6/10/2025,1005,2026,402,3,211.56
1877,9/22/2025,1199,2051,403,1,0
1878,3/6/2025,1030,2038,404,3,3706.04
1879,7/17/2025,1188,2039,402,2,1562.3
1880,9/3/2025,1170,2012,403,1,560.87
1881,10/15/2025,1125,2057,404,3,1310.94
1882,9/24/2025,1068,2072,404,0,420.3
1883,10/24/2025,1193,2054,403,1,0
1884,6/22/2025,1111,2080,404,0,1664.52
1885,8/3/2025,1010,2065,403,3,0
1886,5/3/2025,1173,2028,402,3,2551.76
1887,11/3/2025,1134,2080,401,2,1331.62
1888,7/16/2025,1119,2055,401,3,269.7
1889,3/12/2025,1076,2019,402,2,747.14
1890,10/6/2025,1063,2066,404,2,0
1891,3/4/2025,1145,2006,401,0,0
1892,9/22/2025,1131,2013,404,3,4676.8
1893,6/12/2025,1024,2059,403,2,0
1894,11/29/2025,1065,2074,401,0,3297.5
1895,9/15/2025,1029,2094,404,1,0
1896,8/1/2025,1046,2050,401,0,560.34
1897,8/8/2025,1106,2090,403,2,114.62
1898,6/5/2025,1150,2092,404,3,482.21
1899,10/25/2025,1159,2033,403,1,752.62
1900,8/27/2025,1054,2023,401,2,751.63
1901,5/30/2025,1172,2013,404,0,1870.72
1902,3/6/2025,1001,2050,401,0,560.34
1903,4/3/2025,1043,2083,404,3,2304.48
1904,9/14/2025,1177,2051,404,2,281.57
1905,11/7/2025,1158,2078,403,3,568.04
1906,8/12/2025,1077,2011,402,1,368.77
1907,9/7/2025,1003,2024,401,0,248.54
1908,3/7/2025,1178,2024,401,1,223.69
1909,9/21/2025,1123,2083,402,1,1382.69
1910,8/12/2025,1111,2080,402,0,3329.04
1911,4/28/2025,1077,2098,404,1,817.07
1912,3/30/2025,1121,2054,401,0,0
1913,7/11/2025,1042,2019,404,3,933.93
1914,11/1/2025,1120,2002,404,1,1558.8
1915,11/4/2025,1051,2037,404,0,0
1916,3/24/2025,1085,2001,401,3,412.35
1917,11/23/2025,1106,2063,403,0,0
1918,7/30/2025,1124,2051,404,3,351.96
1919,8/1/2025,1059,2091,401,0,1811.58
1920,10/15/2025,1108,2073,403,0,1498.29
1921,5/10/2025,1068,2082,404,3,0
1922,3/3/2025,1029,2063,403,3,3314.76
1923,7/13/2025,1178,2055,401,1,242.73
1924,11/6/2025,1073,2092,402,3,482.21
1925,6/23/2025,1088,2056,402,1,1888.99
1926,3/10/2025,1150,2087,403,3,477.96
1927,8/8/2025,1033,2037,404,3,1440.56
1928,4/8/2025,1172,2083,403,3,2304.48
1929,2/28/2025,1041,2079,402,2,2281.3
1930,11/28/2025,1176,2095,401,3,1472.37
1931,8/28/2025,1033,2022,402,1,1208.12
1932,7/1/2025,1155,2062,401,3,1858.08
1933,10/25/2025,1126,2038,402,1,1667.72
1934,5/11/2025,1142,2006,401,2,0
1935,7/5/2025,1066,2045,402,1,1123.7
1936,10/2/2025,1128,2004,401,2,2967.2
1937,3/20/2025,1110,2014,402,0,246.3
1938,5/7/2025,1143,2028,404,2,1531.06
1939,2/24/2025,1087,2045,401,2,0
1940,6/15/2025,1038,2088,401,0,1418.7
1941,3/5/2025,1112,2058,401,0,0
1942,11/17/2025,1005,2078,401,0,426.03
1943,3/13/2025,1129,2013,402,0,1870.72
1944,3/22/2025,1052,2046,402,2,26.74
1945,4/15/2025,1181,2056,404,0,0
1946,11/30/2025,1039,2082,403,2,0
1947,7/29/2025,1035,2015,402,3,3374.85
1948,9/5/2025,1106,2098,401,1,1634.15
1949,6/3/2025,1121,2043,403,1,1572.21
1950,9/14/2025,1021,2034,403,3,544.68
1951,5/22/2025,1092,2080,402,1,3745.17
1952,10/2/2025,1192,2096,404,1,1814.89
1953,6/27/2025,1035,2054,404,3,0
1954,6/4/2025,1117,2066,403,0,0
1955,7/7/2025,1113,2018,401,0,1084.52
1956,4/28/2025,1021,2043,403,3,2620.35
1957,11/7/2025,1197,2021,404,0,1670.82
1958,4/2/2025,1100,2097,401,1,2273.67
1959,2/27/2025,1147,2007,403,3,0
1960,10/18/2025,1102,2087,403,2,0
1961,3/19/2025,1088,2001,403,1,1113.34
1962,4/20/2025,1179,2051,404,1,211.18
1963,5/5/2025,1139,2079,404,2,2281.3
1964,6/2/2025,1005,2083,404,1,691.34
1965,2/23/2025,1077,2010,401,2,186.82
1966,11/4/2025,1099,2092,402,2,1157.3
1967,8/13/2025,1054,2011,403,2,327.79
1968,3/25/2025,1193,2081,402,0,2238.66
1969,7/31/2025,1007,2069,403,1,836.6
1970,9/27/2025,1198,2038,404,0,1853.02
1971,5/22/2025,1187,2007,403,2,466.71
1972,10/25/2025,1160,2064,403,0,1176.16
1973,6/8/2025,1012,2096,401,3,672.18
1974,5/14/2025,1076,2073,401,3,499.43
1975,4/21/2025,1086,2030,402,2,407.93
1976,7/18/2025,1076,2036,402,3,217.98
1977,11/20/2025,1133,2094,402,0,1973.4
1978,4/13/2025,1083,2066,402,2,1238.54
1979,11/30/2025,1116,2012,402,3,0
1980,8/1/2025,1105,2010,401,0,155.68
1981,10/28/2025,1108,2016,404,1,872.15
1982,5/9/2025,1114,2009,403,3,198.93
1983,4/19/2025,1150,2071,404,2,492.13
1984,3/26/2025,1149,2063,404,3,2762.3
1985,10/24/2025,1176,2062,404,1,557.42
1986,11/3/2025,1036,2064,402,3,294.04
1987,8/23/2025,1182,2058,402,0,0
1988,12/4/2025,1177,2027,404,3,1034.44
1989,4/13/2025,1008,2095,402,2,0
1990,8/30/2025,1030,2077,404,0,1123.66
1991,10/1/2025,1030,2047,403,0,334.98
1992,9/25/2025,1133,2019,401,2,747.14
1993,8/2/2025,1078,2047,403,2,535.97
1994,4/26/2025,1124,2003,402,1,1386.65
1995,4/10/2025,1005,2075,404,0,3122.56
1996,10/20/2025,1078,2036,402,1,588.55
1997,5/9/2025,1189,2062,401,0,2477.44
1998,5/20/2025,1140,2044,401,0,207.58
1999,5/2/2025,1106,2061,403,3,599.76
2000,6/13/2025,1086,2048,404,1,321.87
6,6/2/2025,1089,2028,401,0,1275.88
2001,3/6/2025,1024,2095,403,7,207.47
2002,5/22/2025,1125,2097,402,10,877.1
2003,10/19/2025,1010,2030,401,1,929.72
2004,12/2/2025,1116,2016,401,2,834.32
2005,5/2/2025,1086,2032,402,9,538.8
2006,4/5/2025,1026,2048,402,2,247.28
2007,3/9/2025,1110,2096,403,1,621.9
2008,11/5/2025,1177,2000,401,4,245.63
2009,9/8/2025,1147,2085,404,8,422.1
2010,10/2/2025,1008,2099,404,3,319.97
2011,8/9/2025,1006,2078,401,7,655.7
2012,8/10/2025,1196,2006,401,8,969.04
2013,7/30/2025,1142,2021,401,2,734.96
2014,7/1/2025,1046,2070,403,10,542.77
2015,11/30/2025,1098,2043,403,9,988.12
2016,4/11/2025,1043,2025,401,9,567.29
2017,7/27/2025,1110,2085,403,2,325.67
2018,6/24/2025,1160,2051,403,9,616.87
2019,6/15/2025,1070,2074,401,4,806.56
2020,11/17/2025,1174,2047,402,4,556.33
2021,10/15/2025,1168,2082,404,8,874.99
2022,8/22/2025,1193,2054,404,9,821.1
2023,4/27/2025,1174,2056,401,5,829.48
2024,4/13/2025,1107,2092,403,0,948.54
2025,3/22/2025,1076,2096,402,5,569.67
2026,6/25/2025,1073,2046,402,4,846.31
2027,5/22/2025,1180,2000,404,3,828.1
2028,6/26/2025,1076,2092,404,9,878.07
2029,5/18/2025,1152,2022,401,4,279.48
2030,9/1/2025,1026,2080,403,9,746.42
2031,4/17/2025,1151,2093,403,3,404.59
2032,11/19/2025,1146,2059,404,0,259.94
2033,8/24/2025,1165,2099,404,1,587.85
2034,9/30/2025,1090,2027,401,5,386.61
2035,9/20/2025,1046,2006,401,9,985.25
2036,8/5/2025,1193,2058,404,9,396.62
2037,10/18/2025,1003,2025,403,6,912.12
2038,7/1/2025,1010,2085,402,6,912.41
2039,10/8/2025,1185,2080,404,1,421.89
2040,11/30/2025,1139,2007,403,7,612.15
2041,7/12/2025,1089,2041,402,8,999.08
2042,12/3/2025,1069,2009,401,1,241.49
2043,3/14/2025,1165,2073,404,6,717.16
2044,4/2/2025,1183,2040,403,2,326.42
2045,10/2/2025,1025,2088,401,6,505.64
2046,10/28/2025,1176,2086,403,9,955.99
2047,4/30/2025,1038,2016,404,3,979.34
2048,6/29/2025,1104,2019,401,7,299.23
2049,5/2/2025,1104,2065,403,1,539.09
2050,7/3/2025,1144,2067,404,5,317.33
2051,10/14/2025,1161,2019,401,2,773.12
2052,7/21/2025,1011,2075,403,10,802.16
2053,4/7/2025,1001,2073,404,5,448.28
2054,8/14/2025,1077,2067,404,6,933.14
2055,7/3/2025,1139,2017,404,9,384.43
2056,4/18/2025,1026,2047,404,3,539.36
2057,4/19/2025,1016,2070,402,9,936.15
2058,11/3/2025,1102,2097,403,5,490.85
2059,10/5/2025,1176,2079,402,0,996.39
2060,3/14/2025,1069,2076,401,1,242.4
2061,3/13/2025,1140,2015,404,9,245.89
2062,9/14/2025,1083,2030,403,8,870.67
2063,11/10/2025,1121,2017,401,6,913.45
2064,7/17/2025,1114,2097,402,7,763.85
2065,4/19/2025,1163,2025,404,1,866.74
2066,10/12/2025,1035,2044,401,0,387.27
2067,3/7/2025,1018,2056,402,0,441.54
2068,6/21/2025,1025,2005,402,2,700.83
2069,8/22/2025,1147,2057,401,2,965.85
2070,6/27/2025,1058,2089,401,2,233.6
2071,11/23/2025,1170,2077,402,6,239.94
2072,2/26/2025,1015,2053,404,2,691.82
2073,6/15/2025,1083,2080,401,10,514.25
2074,8/20/2025,1163,2093,402,4,552.55
2075,5/19/2025,1109,2024,404,1,252.43
2076,9/30/2025,1018,2049,403,1,812.81
2077,6/4/2025,1169,2076,402,1,909.19
2078,11/28/2025,1046,2079,402,1,939.5
2079,3/7/2025,1043,2086,401,8,243.81
2080,3/4/2025,1059,2006,403,2,414.81
2081,5/31/2025,1148,2016,403,2,761
2082,6/13/2025,1195,2056,404,4,758.24
2083,5/16/2025,1137,2074,402,6,294.05
2084,10/17/2025,1116,2060,402,1,721.39
2085,8/17/2025,1049,2084,401,9,855.74
2086,10/10/2025,1054,2079,402,7,794.5
2087,4/8/2025,1168,2034,404,3,891.93
2088,3/6/2025,1175,2022,403,8,830.41
2089,5/29/2025,1142,2011,402,2,906.1
2090,10/14/2025,1098,2017,401,5,855.92
2091,5/23/2025,1119,2037,401,7,952.5
2092,5/12/2025,1098,2042,401,4,510.63
2093,3/29/2025,1099,2048,402,8,801.81
2094,8/22/2025,1005,2074,402,1,422.73
2095,10/13/2025,1189,2070,403,4,513
2096,8/1/2025,1103,2000,404,4,565.37
2097,6/18/2025,1032,2036,404,7,748.83
2098,6/1/2025,1090,2088,404,5,408.6
2099,10/17/2025,1070,2031,403,10,783.58
2100,8/9/2025,1016,2001,401,2,363.93
2101,5/21/2025,1196,2048,402,4,570.23
2102,8/29/2025,1025,2078,402,8,825.24
2103,11/13/2025,1121,2071,404,6,486.06
2104,6/10/2025,1065,2092,402,7,762.2
2105,10/23/2025,1028,2031,401,8,830.42
2106,11/2/2025,1110,2055,402,10,924.82
2107,10/3/2025,1145,2046,404,1,286.62
2108,9/17/2025,1162,2047,401,3,857.79
2109,6/25/2025,1081,2097,404,0,558.48
2110,11/25/2025,1030,2068,402,2,293.29
2111,5/5/2025,1190,2070,401,0,370.47
2112,3/19/2025,1194,2020,404,0,642.47
2113,5/1/2025,1134,2083,403,10,577.37
2114,6/20/2025,1018,2012,401,3,732
2115,5/3/2025,1118,2094,401,5,829.69
2116,9/13/2025,1061,2062,402,4,687.53
2117,5/31/2025,1087,2087,404,4,661.71
2118,6/5/2025,1092,2070,403,5,287.98
2119,9/14/2025,1007,2029,403,0,485.3
2120,6/30/2025,1138,2058,404,4,341.1
2121,5/17/2025,1095,2074,401,3,949.22
2122,8/8/2025,1070,2081,402,5,844.91
2123,3/26/2025,1194,2009,401,4,826.83
2124,11/26/2025,1154,2049,402,6,276.2
2125,6/24/2025,1111,2083,401,9,551.88
2126,3/15/2025,1075,2046,403,0,988.11
2127,11/17/2025,1176,2018,403,4,892.65
2128,9/3/2025,1146,2030,401,5,339.43
2129,3/19/2025,1129,2067,401,0,903.64
2130,10/18/2025,1153,2021,404,10,876.13
2131,11/27/2025,1176,2031,403,0,469.54
2132,6/13/2025,1047,2013,403,4,258.93
2133,11/1/2025,1124,2004,403,4,430.23
2134,10/9/2025,1008,2099,402,8,973.74
2135,6/12/2025,1010,2080,402,7,748.6
2136,6/4/2025,1082,2016,404,1,816.24
2137,3/26/2025,1170,2005,401,0,539.06
2138,4/8/2025,1002,2021,402,5,419.04
2139,5/6/2025,1160,2003,404,2,921.38
2140,10/22/2025,1096,2001,402,8,964.62
2141,7/28/2025,1025,2057,403,1,996.04
2142,8/26/2025,1130,2047,402,2,688.67
2143,4/16/2025,1169,2091,404,5,766.27
2144,8/10/2025,1013,2071,404,0,655.09
2145,2/27/2025,1129,2029,401,10,620.78
2146,4/6/2025,1165,2050,403,1,710.54
2147,5/6/2025,1134,2000,403,5,678.05
2148,8/15/2025,1160,2071,402,1,844.85
2149,6/13/2025,1180,2005,403,0,675.86
2150,3/26/2025,1195,2014,403,9,959.77
2151,4/3/2025,1150,2093,402,0,488.68
2152,9/13/2025,1035,2021,402,5,934.21
2153,6/24/2025,1097,2089,403,4,896.05
2154,11/3/2025,1084,2012,402,9,748.27
2155,11/1/2025,1029,2015,401,5,693.71
2156,7/30/2025,1162,2002,404,2,922.74
2157,9/20/2025,1097,2066,403,9,207.3
2158,9/16/2025,1069,2083,401,2,966.85
2159,5/11/2025,1054,2036,404,10,592.73
2160,11/8/2025,1010,2079,403,6,899.91
2161,10/20/2025,1136,2033,403,5,674.53
2162,6/11/2025,1191,2062,404,2,599.85
2163,4/2/2025,1180,2009,401,0,987.79
2164,10/7/2025,1078,2028,404,1,828.75
2165,6/6/2025,1198,2085,403,0,762.62
2166,8/26/2025,1124,2006,403,9,572.59
2167,9/15/2025,1177,2076,404,5,364.46
2168,5/7/2025,1174,2014,404,9,777.72
2169,5/25/2025,1036,2012,401,2,559.71
2170,7/11/2025,1001,2091,403,10,232.25
2171,9/8/2025,1077,2036,402,2,591.94
2172,6/1/2025,1122,2072,402,5,919.75
2173,4/4/2025,1058,2030,401,2,539.21
2174,5/9/2025,1000,2034,402,10,815.52
2175,5/26/2025,1002,2031,404,6,675.97
2176,6/6/2025,1011,2025,401,9,593.67
2177,8/27/2025,1114,2013,403,1,538.67
2178,5/30/2025,1046,2071,402,2,601.64
2179,6/7/2025,1132,2094,404,8,717.52
2180,6/20/2025,1132,2082,402,3,608.69
2181,5/25/2025,1133,2044,402,5,256.87
2182,8/28/2025,1065,2017,401,3,959.86
2183,10/20/2025,1118,2092,404,1,449.18
2184,7/28/2025,1034,2092,402,1,983.96
2185,4/18/2025,1129,2070,402,5,397.46
2186,8/2/2025,1050,2068,401,2,540.02
2187,5/10/2025,1059,2092,401,2,248.83
2188,7/26/2025,1032,2087,403,6,344.57
2189,7/21/2025,1115,2039,401,3,449.79
2190,11/8/2025,1099,2002,401,9,258.63
2191,4/1/2025,1011,2084,404,3,843.99
2192,10/31/2025,1098,2036,401,4,440.67
2193,3/10/2025,1015,2018,402,3,314.62
2194,4/22/2025,1058,2035,404,2,875.63
2195,11/20/2025,1195,2034,404,7,781.43
2196,8/9/2025,1013,2007,404,5,802.31
2197,11/22/2025,1002,2013,403,3,552.18
2198,4/28/2025,1089,2035,403,0,463.91
2199,10/28/2025,1073,2011,404,8,595.06
2200,4/5/2025,1007,2094,401,10,997.52
2201,10/6/2025,1188,2040,401,6,478.23
2202,4/21/2025,1064,2009,404,3,399.21
2203,3/9/2025,1133,2026,404,2,606.08
2204,2/28/2025,1078,2082,404,3,359.76
2205,10/8/2025,1089,2015,403,8,932.46
2206,7/9/2025,1055,2014,401,0,763.63
2207,2/28/2025,1071,2083,403,8,373.6
2208,11/2/2025,1090,2089,402,0,909.43
2209,6/18/2025,1004,2021,404,5,566.77
2210,7/30/2025,1012,2062,402,10,881.35
2211,6/26/2025,1012,2037,404,5,828.61
2212,4/20/2025,1093,2099,403,0,674.05
2213,10/30/2025,1053,2059,403,9,389.03
2214,3/13/2025,1160,2009,401,9,598.33
2215,3/27/2025,1005,2004,404,0,494.99
2216,5/6/2025,1062,2063,403,5,734.59
2217,2/27/2025,1023,2079,403,8,881.41
2218,4/19/2025,1116,2089,404,2,983.75
2219,7/19/2025,1165,2083,402,6,257.51
2220,3/17/2025,1032,2052,401,10,461.77
2221,8/2/2025,1028,2073,403,9,932.64
2222,10/11/2025,1199,2035,403,9,307.37
2223,7/25/2025,1142,2002,401,7,478.13
2224,8/12/2025,1086,2015,402,5,318.26
2225,7/5/2025,1155,2036,404,9,502.74
2226,6/16/2025,1078,2036,402,7,626.35
2227,8/12/2025,1095,2017,404,9,675.63
2228,5/10/2025,1150,2070,402,7,600.95
2229,7/9/2025,1191,2032,403,4,647.41
2230,10/12/2025,1055,2047,403,5,877.81
2231,8/16/2025,1166,2041,404,10,273.07
2232,6/30/2025,1179,2046,403,1,452.62
2233,2/28/2025,1115,2048,401,5,384.8
2234,7/23/2025,1174,2059,401,6,387.02
2235,4/7/2025,1149,2062,404,2,627.96
2236,6/3/2025,1059,2022,404,8,784.24
2237,6/24/2025,1071,2076,401,7,867.25
2238,11/11/2025,1106,2050,402,7,684.42
2239,5/25/2025,1079,2010,404,2,955.13
2240,10/6/2025,1086,2053,404,1,915
2241,6/27/2025,1188,2038,401,8,627.34
2242,8/28/2025,1118,2066,401,9,553.73
2243,5/9/2025,1024,2086,402,1,911.88
2244,7/8/2025,1021,2041,403,3,985.24
2245,12/4/2025,1143,2041,404,10,324.52
2246,10/12/2025,1084,2085,402,7,597.45
2247,11/29/2025,1175,2094,403,9,811.93
2248,5/2/2025,1100,2054,403,2,721.05
2249,3/17/2025,1081,2031,404,10,947.96
2250,8/28/2025,1078,2009,403,5,233.72
2251,6/19/2025,1086,2037,403,0,502.88
2252,6/1/2025,1176,2016,402,10,785.58
2253,11/17/2025,1065,2049,402,1,561.25
2254,10/19/2025,1029,2066,403,8,341.41
2255,9/4/2025,1065,2076,403,10,289.67
2256,6/5/2025,1082,2042,404,1,447.08
2257,11/15/2025,1025,2000,403,0,948.75
2258,6/13/2025,1154,2022,401,9,367.82
2259,3/29/2025,1028,2048,402,3,683.33
2260,7/29/2025,1030,2005,403,7,976.64
2261,6/9/2025,1182,2065,402,8,612.28
2262,2/28/2025,1108,2024,401,1,253.08
2263,9/11/2025,1059,2040,403,10,410.64
2264,9/7/2025,1053,2045,403,5,917.11
2265,9/26/2025,1139,2099,402,7,780.92
2266,3/31/2025,1091,2068,403,0,906.33
2267,3/27/2025,1065,2001,401,9,200.81
2268,8/10/2025,1026,2049,404,7,574.81
2269,9/23/2025,1075,2026,401,8,312.74
2270,11/8/2025,1065,2068,401,2,845.76
2271,7/28/2025,1145,2026,401,3,430.45
2272,7/26/2025,1051,2066,401,0,644.92
2273,9/4/2025,1117,2084,404,10,721.82
2274,5/25/2025,1156,2074,402,8,464.98
2275,5/14/2025,1176,2057,403,5,500.09
2276,10/25/2025,1004,2005,403,8,958.58
2277,11/16/2025,1122,2072,403,3,627.96
2278,8/23/2025,1107,2068,404,10,949.22
2279,9/13/2025,1137,2017,403,5,520.68
2280,10/11/2025,1191,2060,403,8,641.91
2281,2/28/2025,1128,2092,404,5,902.99
2282,3/5/2025,1134,2033,404,10,871.49
2283,6/23/2025,1020,2030,403,6,401.7
2284,9/11/2025,1013,2049,402,3,444.68
2285,10/30/2025,1060,2084,401,9,888.91
2286,8/14/2025,1085,2015,401,10,823.83
2287,9/15/2025,1048,2025,401,7,724.67
2288,10/4/2025,1052,2054,403,4,265.9
2289,7/14/2025,1143,2061,404,2,368.11
2290,5/13/2025,1030,2067,403,9,291.1
2291,8/24/2025,1154,2079,401,1,861.43
2292,7/17/2025,1011,2042,401,6,566.47
2293,7/13/2025,1055,2064,402,5,711.96
2294,4/14/2025,1001,2098,401,5,597.22
2295,3/10/2025,1195,2077,404,0,718.4
2296,4/5/2025,1173,2071,401,7,723.48
2297,9/10/2025,1103,2061,404,8,890.27
2298,11/10/2025,1041,2003,404,3,792.75
2299,11/26/2025,1031,2024,403,3,965.27
2300,11/24/2025,1000,2004,403,8,687.62
2301,8/17/2025,1196,2061,403,8,629.16
2302,3/5/2025,1191,2047,403,4,801.27
2303,7/12/2025,1090,2072,402,1,437.14
2304,9/21/2025,1076,2031,401,7,691.39
2305,4/23/2025,1140,2016,403,3,214.56
2306,4/30/2025,1157,2088,401,6,783.28
2307,9/1/2025,1020,2031,404,5,849.99
2308,7/14/2025,1133,2025,403,3,303.09
2309,11/14/2025,1127,2013,401,8,290.81
2310,11/12/2025,1064,2026,404,5,307.72
2311,10/27/2025,1189,2041,404,5,636.21
2312,4/13/2025,1062,2017,403,3,840.75
2313,11/9/2025,1168,2091,404,5,710.22
2314,8/23/2025,1006,2071,401,8,291.24
2315,3/19/2025,1067,2084,402,0,410.55
2316,7/6/2025,1180,2093,402,5,825.84
2317,5/8/2025,1164,2070,403,6,370.91
2318,10/18/2025,1173,2076,402,0,213.33
2319,7/6/2025,1028,2047,401,2,626.47
2320,6/17/2025,1017,2029,402,6,380.18
2321,7/15/2025,1146,2001,403,4,395.59
2322,3/6/2025,1065,2085,403,8,708.92
2323,9/5/2025,1071,2058,401,5,384.18
2324,11/8/2025,1100,2057,404,9,460.14
2325,5/19/2025,1164,2006,403,4,957.95
2326,11/6/2025,1147,2082,401,1,320.78
2327,6/17/2025,1177,2031,404,3,371.51
2328,2/24/2025,1170,2062,404,8,901.38
2329,10/12/2025,1126,2033,404,5,839.87
2330,3/5/2025,1027,2068,402,9,314.87
2331,10/30/2025,1069,2048,402,0,763.27
2332,5/23/2025,1139,2072,402,8,981.33
2333,8/7/2025,1171,2094,403,7,882.31
2334,3/29/2025,1176,2098,402,6,481.4
2335,9/18/2025,1074,2060,402,1,514.07
2336,9/14/2025,1167,2029,403,4,934.89
2337,3/24/2025,1037,2033,401,5,767.76
2338,3/10/2025,1054,2070,401,7,592
2339,8/31/2025,1058,2090,401,6,738.75
2340,8/8/2025,1185,2049,403,5,812.12
2341,5/10/2025,1070,2075,403,1,512.49
2342,10/26/2025,1134,2073,402,6,632.23
2343,4/5/2025,1098,2030,401,4,891.57
2344,9/22/2025,1096,2090,401,9,951.36
2345,3/5/2025,1017,2057,403,5,407.23
2346,6/11/2025,1142,2096,404,0,558.24
2347,6/1/2025,1195,2011,404,9,277.01
2348,5/13/2025,1128,2070,403,3,741.92
2349,2/25/2025,1147,2014,404,7,886.71
2350,4/27/2025,1189,2079,404,9,441.13
2351,9/28/2025,1105,2030,404,5,759.09
2352,4/25/2025,1137,2050,404,2,513.87
2353,10/19/2025,1136,2091,401,4,618.83
2354,3/4/2025,1015,2077,401,7,480.79
2355,7/27/2025,1105,2040,402,6,654.18
2356,4/23/2025,1148,2087,401,7,396.74
2357,11/3/2025,1164,2057,402,9,322.56
2358,6/18/2025,1069,2099,402,9,253.69
2359,3/24/2025,1185,2060,402,0,579.84
2360,8/7/2025,1119,2015,402,5,688.08
2361,11/25/2025,1057,2063,401,6,708.26
2362,7/31/2025,1139,2090,403,9,602.7
2363,2/27/2025,1053,2050,403,1,495.7
2364,6/6/2025,1052,2058,402,6,944.1
2365,6/10/2025,1031,2094,402,0,615.72
2366,10/19/2025,1088,2087,404,9,734.51
2367,10/11/2025,1073,2045,401,2,588.08
2368,6/13/2025,1029,2092,404,6,962.55
2369,4/26/2025,1016,2039,402,7,850.53
2370,5/24/2025,1169,2013,402,3,891.02
2371,4/28/2025,1190,2002,403,4,377.85
2372,4/10/2025,1077,2044,402,5,478.79
2373,6/28/2025,1086,2069,401,0,202.45
2374,9/22/2025,1105,2054,404,8,823.37
2375,3/9/2025,1174,2087,401,10,816.38
2376,4/10/2025,1186,2021,402,7,790.05
2377,5/2/2025,1094,2097,402,10,751.42
2378,11/21/2025,1198,2059,403,2,773.23
2379,2/25/2025,1117,2045,401,3,675.37
2380,8/19/2025,1007,2010,402,0,609.63
2381,10/13/2025,1168,2058,401,1,268.28
2382,8/24/2025,1095,2038,403,6,776.52
2383,5/17/2025,1124,2030,402,2,673.37
2384,7/26/2025,1091,2022,402,8,895.77
2385,3/31/2025,1010,2068,401,10,743
2386,4/5/2025,1091,2063,401,3,763.8
2387,9/6/2025,1042,2014,404,5,343.47
2388,4/25/2025,1120,2025,402,10,634.96
2389,7/31/2025,1000,2068,403,0,487.84
2390,8/17/2025,1004,2088,404,3,475.3
2391,7/3/2025,1004,2043,401,4,545.41
2392,7/8/2025,1139,2070,402,8,560.05
2393,10/2/2025,1177,2025,404,3,436.88
2394,2/23/2025,1089,2012,401,4,502.41
2395,4/26/2025,1058,2011,402,8,947.44
2396,9/20/2025,1063,2089,403,8,206.65
2397,4/26/2025,1100,2031,403,4,369.55
2398,3/14/2025,1073,2079,401,4,909.49
2399,8/1/2025,1198,2036,401,6,593.35
2400,4/8/2025,1107,2035,402,7,691.6
2401,7/30/2025,1097,2002,402,6,254.26
2402,11/19/2025,1170,2050,402,0,396.6
2403,9/11/2025,1138,2061,402,3,201.57
2404,6/5/2025,1049,2031,401,10,614.15
2405,6/4/2025,1002,2048,403,7,826.83
2406,3/16/2025,1177,2058,404,10,452.41
2407,4/14/2025,1100,2075,402,8,411.76
2408,7/6/2025,1100,2015,403,4,337.38
2409,5/14/2025,1097,2048,403,1,330.55
2410,3/23/2025,1027,2062,401,2,567.73
2411,5/8/2025,1015,2035,402,1,381.18
2412,5/1/2025,1061,2056,403,10,849.63
2413,11/28/2025,1198,2095,403,1,596.49
2414,7/7/2025,1058,2057,404,5,590.16
2415,11/22/2025,1019,2060,402,4,803.69
2416,9/4/2025,1053,2095,401,7,222.94
2417,7/23/2025,1181,2002,401,0,412.38
2418,6/26/2025,1012,2037,404,1,404.63
2419,7/9/2025,1012,2074,401,5,237.72
2420,6/16/2025,1050,2066,402,0,404.58
2421,9/12/2025,1090,2052,403,8,987.03
2422,8/6/2025,1075,2082,401,1,933.79
2423,3/10/2025,1179,2047,401,1,533.41
2424,7/14/2025,1137,2006,401,4,891.75
2425,3/24/2025,1044,2059,401,2,691.02
2426,5/1/2025,1044,2036,402,10,584.58
2427,7/11/2025,1014,2045,401,0,965.53
2428,8/23/2025,1053,2069,402,7,657.54
2429,3/30/2025,1097,2010,401,2,805.71
2430,7/20/2025,1112,2053,404,8,738.66
2431,7/4/2025,1048,2029,401,3,835.2
2432,3/25/2025,1105,2074,404,0,439.35
2433,10/28/2025,1131,2058,403,8,527.82
2434,11/25/2025,1196,2032,401,3,371.57
2435,3/11/2025,1124,2075,404,5,919.47
2436,7/1/2025,1119,2001,401,4,321.92
2437,9/13/2025,1157,2023,403,4,358.42
2438,11/11/2025,1040,2091,401,9,433.25
2439,12/2/2025,1012,2034,403,4,388.61
2440,3/24/2025,1147,2096,403,4,279.53
2441,5/9/2025,1028,2032,404,3,576.09
2442,3/13/2025,1188,2085,402,7,501.98
2443,5/24/2025,1182,2018,401,5,817.3
2444,8/11/2025,1099,2069,404,7,891.51
2445,6/17/2025,1163,2077,402,5,430.58
2446,5/23/2025,1153,2039,404,5,922.83
2447,9/8/2025,1055,2012,404,6,982.4
2448,11/14/2025,1007,2058,401,1,395.41
2449,10/23/2025,1100,2065,403,1,514.59
2450,4/7/2025,1153,2053,404,8,731.21
2451,9/24/2025,1158,2047,404,5,682.94
2452,3/21/2025,1130,2033,402,1,602.28
2453,7/31/2025,1071,2034,404,4,317.63
2454,11/11/2025,1093,2098,404,7,392.84
2455,4/24/2025,1199,2066,404,8,916.99
2456,3/24/2025,1104,2004,402,3,292.54
2457,6/16/2025,1185,2063,402,6,650.75
2458,11/4/2025,1092,2084,404,0,440.04
2459,2/24/2025,1091,2021,403,7,426.53
2460,7/31/2025,1167,2051,404,4,636.85
2461,9/20/2025,1087,2079,402,3,341.18
2462,3/17/2025,1007,2034,402,7,837.99
2463,10/24/2025,1174,2019,404,9,682.64
2464,3/8/2025,1053,2027,404,10,868.32
2465,2/27/2025,1056,2042,402,2,980.3
2466,6/13/2025,1133,2063,402,4,344.94
2467,3/24/2025,1149,2088,402,4,362.9
2468,3/9/2025,1177,2021,401,8,892.93
2469,11/23/2025,1084,2050,401,10,807.62
2470,10/26/2025,1107,2091,402,5,329.31
2471,6/18/2025,1036,2044,403,8,942.49
2472,5/9/2025,1099,2044,404,0,517.13
2473,11/28/2025,1150,2037,402,10,264.52
2474,6/18/2025,1028,2058,403,5,885.07
2475,5/6/2025,1042,2005,403,6,785.3
2476,9/23/2025,1049,2057,401,1,586.27
2477,7/5/2025,1046,2014,402,10,822.53
2478,8/13/2025,1171,2017,402,4,716.97
2479,10/14/2025,1096,2014,403,4,736.59
2480,5/30/2025,1111,2074,404,0,546.39
2481,4/8/2025,1094,2019,401,0,675.23
2482,3/18/2025,1126,2026,401,1,272.55
2483,4/28/2025,1078,2046,403,9,507.93
2484,5/9/2025,1042,2098,404,8,558.79
2485,7/15/2025,1193,2080,404,6,565.96
2486,6/28/2025,1033,2010,404,7,388.02
2487,6/17/2025,1006,2097,403,10,836.79
2488,2/23/2025,1178,2094,403,10,662.52
2489,9/13/2025,1169,2084,402,3,929.96
2490,3/30/2025,1193,2024,402,3,911.28
2491,10/23/2025,1062,2068,404,10,517.8
2492,3/28/2025,1000,2036,402,9,472.33
2493,4/22/2025,1108,2013,402,4,523.64
2494,9/5/2025,1169,2037,402,4,341
2495,9/20/2025,1195,2040,402,4,413.93
2496,9/1/2025,1064,2044,403,1,410.88
2497,5/17/2025,1070,2095,401,5,556.88
2498,4/15/2025,1162,2019,403,5,802.56
2499,2/27/2025,1100,2067,404,0,339.17
2500,4/13/2025,1172,2031,402,2,630.93
2501,11/19/2025,1190,2003,401,8,869.17
2502,6/7/2025,1077,2023,401,6,755.65
2503,3/10/2025,1110,2001,404,4,291.43
2504,2/27/2025,1063,2046,401,2,401.17
2505,3/2/2025,1105,2080,404,10,206.64
2506,9/2/2025,1196,2092,403,2,981.05
2507,5/16/2025,1073,2047,402,1,863.81
2508,3/16/2025,1185,2077,403,10,881.83
2509,8/19/2025,1159,2024,404,4,237.9
2510,4/25/2025,1055,2007,404,7,245.13
2511,8/1/2025,1120,2024,402,5,257.34
2512,8/17/2025,1101,2090,403,6,855.38
2513,4/2/2025,1013,2084,403,4,275.66
2514,4/3/2025,1136,2074,403,6,470.61
2515,5/4/2025,1052,2022,401,9,612.84
2516,5/17/2025,1162,2006,403,1,983.82
2517,5/31/2025,1095,2086,404,10,663.22
2518,7/17/2025,1042,2008,403,0,566.16
2519,7/1/2025,1076,2054,402,7,427.98
2520,5/4/2025,1022,2056,401,9,570.89
2521,3/17/2025,1122,2085,404,8,334.58
2522,4/8/2025,1103,2096,403,1,876.32
2523,11/30/2025,1052,2097,403,9,270.65
2524,8/7/2025,1045,2067,402,1,815.33
2525,12/4/2025,1113,2079,401,0,371.88
2526,2/23/2025,1002,2021,401,4,481.8
2527,7/17/2025,1049,2099,401,6,743.85
2528,6/21/2025,1199,2058,402,1,844.1
2529,3/12/2025,1095,2028,401,2,534.99
2530,5/3/2025,1050,2032,401,10,993.26
2531,5/15/2025,1037,2035,403,9,403.67
2532,8/31/2025,1190,2003,404,1,697.05
2533,9/10/2025,1029,2054,404,2,221.37
2534,6/20/2025,1169,2077,402,1,756.39
2535,3/8/2025,1056,2056,403,2,965.29
2536,5/19/2025,1118,2032,402,9,617.05
2537,7/24/2025,1124,2040,402,1,614.53
2538,5/27/2025,1172,2043,404,1,243.63
2539,3/25/2025,1049,2034,404,10,883.72
2540,7/2/2025,1139,2074,404,3,238.6
2541,6/2/2025,1035,2070,404,4,831.12
2542,11/1/2025,1056,2054,402,0,245.75
2543,8/3/2025,1176,2056,402,1,736.86
2544,10/19/2025,1014,2059,404,8,648.19
2545,2/24/2025,1000,2055,404,9,733.43
2546,2/22/2025,1187,2043,402,0,403.93
2547,3/26/2025,1064,2042,403,2,232.22
2548,11/16/2025,1126,2049,401,8,904.63
2549,9/8/2025,1170,2036,401,0,835
2550,9/12/2025,1026,2074,404,0,767.96
